ISic,in metadata spreadsheets,analysed yes/no,interpreted,to check?,checked?,type,,subtype,comments,identification based on,string of analyses,photo nextcloud/Isicily?,pXRF pXRF/,dilite in situ digital microscopy/,XRD on sample XRD/,thin section optical microscopy/,isotopes stable isotopes analysis/,EPR EPR/,LA-ICP-MS LA-ICP-MS/,sample yes/,dilite on sample yes/,same object as,Id,roman marbles,After,Before,Ancient,Modern,Material,Inscription Type,Execution Type,Language,Museum
ISic000079,,,,,,ceramic,,unverified,,,,,,,,,,,,,,,,,,,,,,,,,
ISic000294,,,,,,ceramic,,unverified,,,,,,,,,,,,,,,,,,,,,,,,,
ISic000300,,,,,,metal.bronze,,unverified,,,,,,,,,,,,,,,,,,,,,,,,,
ISic000420,,,,,,metal.lead,,unverified,,,,,,,,,,,,,,,,,,,,,,,,,
ISic000639,,,,,,ceramic,,unverified,,,,,,,,,,,,,,,,,,,,,,,,,
ISic000758,,,,,,ceramic,,unverified,,,,,,,,,,,,,,,,,,,,,,,,,
ISic001114,,,,,,ceramic,,unverified,,,,,,,,,,,,,,,,,,,,,,,,,
ISic001283,,,,,,ceramic,,unverified,,,,,,,,,,,,,,,,,,,,,,,,,
ISic001295,,,,,,ceramic,,unverified,,,,,,,,,,,,,,,,,,,,,,,,,
ISic001668,,,,,,animal.ivory,,unverified,,,,,,,,,,,,,,,,,,,,,,,,,
ISic001683,,,,,,ceramic,,unverified,,,,,,,,,,,,,,,,,,,,,,,,,
ISic001685,,,,,,ceramic,,unverified,,,,,,,,,,,,,,,,,,,,,,,,,
ISic001693,,,,,,ceramic,,unverified,,,,,,,,,,,,,,,,,,,,,,,,,
ISic001755,,,,,,ceramic,,unverified,,,,,,,,,,,,,,,,,,,,,,,,,
ISic001895,,,,,,ceramic,,unverified,,,,,,,,,,,,,,,,,,,,,,,,,
ISic002759,,,,,,ceramic,,unverified,,,,,,,,,,,,,,,,,,,,,,,,,
ISic003069,,,,,,ceramic,,unverified,,,,,,,,,,,,,,,,,,,,,,,,,
ISic003327,,,,,,metal.bronze,,unverified,,,,,,,,,,,,,,,,,,,,,,,,,
ISic003342,,,,,,metal.bronze,,unverified,,,,,,,,,,,,,,,,,,,,,,,,,
ISic003405,,,,,,ceramic,,unverified,,,,,,,,,,,,,,,,,,,,,,,,,
ISic003411,,,,,,ceramic,,unverified,,,,,,,,,,,,,,,,,,,,,,,,,
ISic003431,,,,,,ceramic,,unverified,,,,,,,,,,,,,,,,,,,,,,,,,
ISic003449,,,,,,ceramic,,unverified,,,,,,,,,,,,,,,,,,,,,,,,,
ISic003652,,,,,,ceramic,,unverified,,,,,,,,,,,,,,,,,,,,,,,,,
ISic003716,,,,,,ceramic,,unverified,,,,,,,,,,,,,,,,,,,,,,,,,
ISic004367,,,,,,metal.bronze,,unverified,,,,,,,,,,,,,,,,,,,,,,,,,
ISic020001,,,,,,ceramic,,unverified,,,,,,,,,,,,,,,,,,,,,,,,,
ISic020002,,,,,,ceramic,,unverified,,,,,,,,,,,,,,,,,,,,,,,,,
ISic020003,,,,,,ceramic,,unverified,,,,,,,,,,,,,,,,,,,,,,,,,
ISic020004,,,,,,ceramic,,unverified,,,,,,,,,,,,,,,,,,,,,,,,,
ISic020005,,,,,,ceramic,,unverified,,,,,,,,,,,,,,,,,,,,,,,,,
ISic020006,,,,,,ceramic,,unverified,,,,,,,,,,,,,,,,,,,,,,,,,
ISic020007,,,,,,ceramic,,unverified,,,,,,,,,,,,,,,,,,,,,,,,,
ISic020008,,,,,,ceramic,,unverified,,,,,,,,,,,,,,,,,,,,,,,,,
ISic020009,,,,,,ceramic,,unverified,,,,,,,,,,,,,,,,,,,,,,,,,
ISic020010,,,,,,ceramic,,unverified,,,,,,,,,,,,,,,,,,,,,,,,,
ISic020011,,,,,,ceramic,,unverified,,,,,,,,,,,,,,,,,,,,,,,,,
ISic020012,,,,,,ceramic,,unverified,,,,,,,,,,,,,,,,,,,,,,,,,
ISic020013,,,,,,ceramic,,unverified,,,,,,,,,,,,,,,,,,,,,,,,,
ISic020014,,,,,,ceramic,,unverified,,,,,,,,,,,,,,,,,,,,,,,,,
ISic020015,,,,,,ceramic,,unverified,,,,,,,,,,,,,,,,,,,,,,,,,
ISic020016,,,,,,ceramic,,unverified,,,,,,,,,,,,,,,,,,,,,,,,,
ISic020017,,,,,,ceramic,,unverified,,,,,,,,,,,,,,,,,,,,,,,,,
ISic020018,,,,,,ceramic,,unverified,,,,,,,,,,,,,,,,,,,,,,,,,
ISic020019,,,,,,ceramic,,unverified,,,,,,,,,,,,,,,,,,,,,,,,,
ISic020020,,,,,,ceramic,,unverified,,,,,,,,,,,,,,,,,,,,,,,,,
ISic020021,,,,,,ceramic,,unverified,,,,,,,,,,,,,,,,,,,,,,,,,
ISic020022,,,,,,ceramic,,unverified,,,,,,,,,,,,,,,,,,,,,,,,,
ISic020023,,,,,,ceramic,,unverified,,,,,,,,,,,,,,,,,,,,,,,,,
ISic020024,,,,,,ceramic,,unverified,,,,,,,,,,,,,,,,,,,,,,,,,
ISic020025,,,,,,ceramic,,unverified,,,,,,,,,,,,,,,,,,,,,,,,,
ISic020026,,,,,,ceramic,,unverified,,,,,,,,,,,,,,,,,,,,,,,,,
ISic020027,,,,,,ceramic,,unverified,,,,,,,,,,,,,,,,,,,,,,,,,
ISic020028,,,,,,ceramic,,unverified,,,,,,,,,,,,,,,,,,,,,,,,,
ISic020029,,,,,,ceramic,,unverified,,,,,,,,,,,,,,,,,,,,,,,,,
ISic020030,,,,,,ceramic,,unverified,,,,,,,,,,,,,,,,,,,,,,,,,
ISic020031,,,,,,ceramic,,unverified,,,,,,,,,,,,,,,,,,,,,,,,,
ISic020032,,,,,,ceramic,,unverified,,,,,,,,,,,,,,,,,,,,,,,,,
ISic020033,,,,,,ceramic,,unverified,,,,,,,,,,,,,,,,,,,,,,,,,
ISic020034,,,,,,ceramic,,unverified,,,,,,,,,,,,,,,,,,,,,,,,,
ISic020035,,,,,,ceramic,,unverified,,,,,,,,,,,,,,,,,,,,,,,,,
ISic020036,,,,,,ceramic,,unverified,,,,,,,,,,,,,,,,,,,,,,,,,
ISic020037,,,,,,ceramic,,unverified,,,,,,,,,,,,,,,,,,,,,,,,,
ISic020038,,,,,,ceramic,,unverified,,,,,,,,,,,,,,,,,,,,,,,,,
ISic020039,,,,,,ceramic,,unverified,,,,,,,,,,,,,,,,,,,,,,,,,
ISic020040,,,,,,ceramic,,unverified,,,,,,,,,,,,,,,,,,,,,,,,,
ISic020041,,,,,,ceramic,,unverified,,,,,,,,,,,,,,,,,,,,,,,,,
ISic020042,,,,,,ceramic,,unverified,,,,,,,,,,,,,,,,,,,,,,,,,
ISic020043,,,,,,ceramic,,unverified,,,,,,,,,,,,,,,,,,,,,,,,,
ISic020044,,,,,,ceramic,,unverified,,,,,,,,,,,,,,,,,,,,,,,,,
ISic020045,,,,,,ceramic,,unverified,,,,,,,,,,,,,,,,,,,,,,,,,
ISic020046,,,,,,ceramic,,unverified,,,,,,,,,,,,,,,,,,,,,,,,,
ISic020047,,,,,,ceramic,,unverified,,,,,,,,,,,,,,,,,,,,,,,,,
ISic020048,,,,,,ceramic,,unverified,,,,,,,,,,,,,,,,,,,,,,,,,
ISic020049,,,,,,ceramic,,unverified,,,,,,,,,,,,,,,,,,,,,,,,,
ISic020050,,,,,,ceramic,,unverified,,,,,,,,,,,,,,,,,,,,,,,,,
ISic020051,,,,,,ceramic,,unverified,,,,,,,,,,,,,,,,,,,,,,,,,
ISic020052,,,,,,ceramic,,unverified,,,,,,,,,,,,,,,,,,,,,,,,,
ISic020053,,,,,,ceramic,,unverified,,,,,,,,,,,,,,,,,,,,,,,,,
ISic020054,,,,,,ceramic,,unverified,,,,,,,,,,,,,,,,,,,,,,,,,
ISic020055,,,,,,ceramic,,unverified,,,,,,,,,,,,,,,,,,,,,,,,,
ISic020056,,,,,,ceramic,,unverified,,,,,,,,,,,,,,,,,,,,,,,,,
ISic020057,,,,,,ceramic,,unverified,,,,,,,,,,,,,,,,,,,,,,,,,
ISic020058,,,,,,ceramic,,unverified,,,,,,,,,,,,,,,,,,,,,,,,,
ISic020059,,,,,,ceramic,,unverified,,,,,,,,,,,,,,,,,,,,,,,,,
ISic020060,,,,,,ceramic,,unverified,,,,,,,,,,,,,,,,,,,,,,,,,
ISic020061,,,,,,ceramic,,unverified,,,,,,,,,,,,,,,,,,,,,,,,,
ISic020062,,,,,,ceramic,,unverified,,,,,,,,,,,,,,,,,,,,,,,,,
ISic020063,,,,,,ceramic,,unverified,,,,,,,,,,,,,,,,,,,,,,,,,
ISic020064,,,,,,ceramic,,unverified,,,,,,,,,,,,,,,,,,,,,,,,,
ISic020065,,,,,,ceramic,,unverified,,,,,,,,,,,,,,,,,,,,,,,,,
ISic020066,,,,,,ceramic,,unverified,,,,,,,,,,,,,,,,,,,,,,,,,
ISic020067,,,,,,ceramic,,unverified,,,,,,,,,,,,,,,,,,,,,,,,,
ISic020068,,,,,,ceramic,,unverified,,,,,,,,,,,,,,,,,,,,,,,,,
ISic020069,,,,,,ceramic,,unverified,,,,,,,,,,,,,,,,,,,,,,,,,
ISic020070,,,,,,ceramic,,unverified,,,,,,,,,,,,,,,,,,,,,,,,,
ISic020071,,,,,,ceramic,,unverified,,,,,,,,,,,,,,,,,,,,,,,,,
ISic020072,,,,,,ceramic,,unverified,,,,,,,,,,,,,,,,,,,,,,,,,
ISic020073,,,,,,ceramic,,unverified,,,,,,,,,,,,,,,,,,,,,,,,,
ISic020074,,,,,,ceramic,,unverified,,,,,,,,,,,,,,,,,,,,,,,,,
ISic020075,,,,,,ceramic,,unverified,,,,,,,,,,,,,,,,,,,,,,,,,
ISic020076,,,,,,ceramic,,unverified,,,,,,,,,,,,,,,,,,,,,,,,,
ISic020077,,,,,,ceramic,,unverified,,,,,,,,,,,,,,,,,,,,,,,,,
ISic020078,,,,,,ceramic,,unverified,,,,,,,,,,,,,,,,,,,,,,,,,
ISic020079,,,,,,ceramic,,unverified,,,,,,,,,,,,,,,,,,,,,,,,,
ISic020080,,,,,,ceramic,,unverified,,,,,,,,,,,,,,,,,,,,,,,,,
ISic020081,,,,,,ceramic,,unverified,,,,,,,,,,,,,,,,,,,,,,,,,
ISic020082,,,,,,ceramic,,unverified,,,,,,,,,,,,,,,,,,,,,,,,,
ISic020083,,,,,,ceramic,,unverified,,,,,,,,,,,,,,,,,,,,,,,,,
ISic020084,,,,,,ceramic,,unverified,,,,,,,,,,,,,,,,,,,,,,,,,
ISic020085,,,,,,ceramic,,unverified,,,,,,,,,,,,,,,,,,,,,,,,,
ISic020086,,,,,,ceramic,,unverified,,,,,,,,,,,,,,,,,,,,,,,,,
ISic020087,,,,,,ceramic,,unverified,,,,,,,,,,,,,,,,,,,,,,,,,
ISic020088,,,,,,ceramic,,unverified,,,,,,,,,,,,,,,,,,,,,,,,,
ISic020089,,,,,,ceramic,,unverified,,,,,,,,,,,,,,,,,,,,,,,,,
ISic020090,,,,,,ceramic,,unverified,,,,,,,,,,,,,,,,,,,,,,,,,
ISic020091,,,,,,ceramic,,unverified,,,,,,,,,,,,,,,,,,,,,,,,,
ISic020092,,,,,,ceramic,,unverified,,,,,,,,,,,,,,,,,,,,,,,,,
ISic020093,,,,,,ceramic,,unverified,,,,,,,,,,,,,,,,,,,,,,,,,
ISic020094,,,,,,ceramic,,unverified,,,,,,,,,,,,,,,,,,,,,,,,,
ISic020095,,,,,,ceramic,,unverified,,,,,,,,,,,,,,,,,,,,,,,,,
ISic020096,,,,,,ceramic,,unverified,,,,,,,,,,,,,,,,,,,,,,,,,
ISic020097,,,,,,ceramic,,unverified,,,,,,,,,,,,,,,,,,,,,,,,,
ISic020098,,,,,,ceramic,,unverified,,,,,,,,,,,,,,,,,,,,,,,,,
ISic020099,,,,,,ceramic,,unverified,,,,,,,,,,,,,,,,,,,,,,,,,
ISic020100,,,,,,ceramic,,unverified,,,,,,,,,,,,,,,,,,,,,,,,,
ISic020101,,,,,,ceramic,,unverified,,,,,,,,,,,,,,,,,,,,,,,,,
ISic020102,,,,,,ceramic,,unverified,,,,,,,,,,,,,,,,,,,,,,,,,
ISic020103,,,,,,ceramic,,unverified,,,,,,,,,,,,,,,,,,,,,,,,,
ISic020104,,,,,,ceramic,,unverified,,,,,,,,,,,,,,,,,,,,,,,,,
ISic020105,,,,,,ceramic,,unverified,,,,,,,,,,,,,,,,,,,,,,,,,
ISic020106,,,,,,ceramic,,unverified,,,,,,,,,,,,,,,,,,,,,,,,,
ISic020107,,,,,,ceramic,,unverified,,,,,,,,,,,,,,,,,,,,,,,,,
ISic020108,,,,,,ceramic,,unverified,,,,,,,,,,,,,,,,,,,,,,,,,
ISic020109,,,,,,ceramic,,unverified,,,,,,,,,,,,,,,,,,,,,,,,,
ISic020110,,,,,,ceramic,,unverified,,,,,,,,,,,,,,,,,,,,,,,,,
ISic020111,,,,,,ceramic,,unverified,,,,,,,,,,,,,,,,,,,,,,,,,
ISic020112,,,,,,ceramic,,unverified,,,,,,,,,,,,,,,,,,,,,,,,,
ISic020113,,,,,,ceramic,,unverified,,,,,,,,,,,,,,,,,,,,,,,,,
ISic020114,,,,,,ceramic,,unverified,,,,,,,,,,,,,,,,,,,,,,,,,
ISic020115,,,,,,ceramic,,unverified,,,,,,,,,,,,,,,,,,,,,,,,,
ISic020116,,,,,,ceramic,,unverified,,,,,,,,,,,,,,,,,,,,,,,,,
ISic020117,,,,,,ceramic,,unverified,,,,,,,,,,,,,,,,,,,,,,,,,
ISic020118,,,,,,ceramic,,unverified,,,,,,,,,,,,,,,,,,,,,,,,,
ISic020119,,,,,,ceramic,,unverified,,,,,,,,,,,,,,,,,,,,,,,,,
ISic020120,,,,,,ceramic,,unverified,,,,,,,,,,,,,,,,,,,,,,,,,
ISic020121,,,,,,ceramic,,unverified,,,,,,,,,,,,,,,,,,,,,,,,,
ISic020122,,,,,,ceramic,,unverified,,,,,,,,,,,,,,,,,,,,,,,,,
ISic020123,,,,,,ceramic,,unverified,,,,,,,,,,,,,,,,,,,,,,,,,
ISic020124,,,,,,ceramic,,unverified,,,,,,,,,,,,,,,,,,,,,,,,,
ISic020125,,,,,,ceramic,,unverified,,,,,,,,,,,,,,,,,,,,,,,,,
ISic020126,,,,,,ceramic,,unverified,,,,,,,,,,,,,,,,,,,,,,,,,
ISic020127,,,,,,ceramic,,unverified,,,,,,,,,,,,,,,,,,,,,,,,,
ISic020128,,,,,,ceramic,,unverified,,,,,,,,,,,,,,,,,,,,,,,,,
ISic020129,,,,,,ceramic,,unverified,,,,,,,,,,,,,,,,,,,,,,,,,
ISic020130,,,,,,ceramic,,unverified,,,,,,,,,,,,,,,,,,,,,,,,,
ISic020131,,,,,,ceramic,,unverified,,,,,,,,,,,,,,,,,,,,,,,,,
ISic020132,,,,,,ceramic,,unverified,,,,,,,,,,,,,,,,,,,,,,,,,
ISic020133,,,,,,ceramic,,unverified,,,,,,,,,,,,,,,,,,,,,,,,,
ISic020134,,,,,,ceramic,,unverified,,,,,,,,,,,,,,,,,,,,,,,,,
ISic020135,,,,,,ceramic,,unverified,,,,,,,,,,,,,,,,,,,,,,,,,
ISic020136,,,,,,ceramic,,unverified,,,,,,,,,,,,,,,,,,,,,,,,,
ISic020137,,,,,,ceramic,,unverified,,,,,,,,,,,,,,,,,,,,,,,,,
ISic020138,,,,,,ceramic,,unverified,,,,,,,,,,,,,,,,,,,,,,,,,
ISic020139,,,,,,ceramic,,unverified,,,,,,,,,,,,,,,,,,,,,,,,,
ISic020140,,,,,,ceramic,,unverified,,,,,,,,,,,,,,,,,,,,,,,,,
ISic020141,,,,,,ceramic,,unverified,,,,,,,,,,,,,,,,,,,,,,,,,
ISic020142,,,,,,ceramic,,unverified,,,,,,,,,,,,,,,,,,,,,,,,,
ISic020143,,,,,,ceramic,,unverified,,,,,,,,,,,,,,,,,,,,,,,,,
ISic020144,,,,,,ceramic,,unverified,,,,,,,,,,,,,,,,,,,,,,,,,
ISic020145,,,,,,ceramic,,unverified,,,,,,,,,,,,,,,,,,,,,,,,,
ISic020146,,,,,,ceramic,,unverified,,,,,,,,,,,,,,,,,,,,,,,,,
ISic020147,,,,,,ceramic,,unverified,,,,,,,,,,,,,,,,,,,,,,,,,
ISic020148,,,,,,ceramic,,unverified,,,,,,,,,,,,,,,,,,,,,,,,,
ISic020149,,,,,,ceramic,,unverified,,,,,,,,,,,,,,,,,,,,,,,,,
ISic020150,,,,,,ceramic,,unverified,,,,,,,,,,,,,,,,,,,,,,,,,
ISic020151,,,,,,ceramic,,unverified,,,,,,,,,,,,,,,,,,,,,,,,,
ISic020152,,,,,,ceramic,,unverified,,,,,,,,,,,,,,,,,,,,,,,,,
ISic020153,,,,,,ceramic,,unverified,,,,,,,,,,,,,,,,,,,,,,,,,
ISic020154,,,,,,ceramic,,unverified,,,,,,,,,,,,,,,,,,,,,,,,,
ISic020155,,,,,,ceramic,,unverified,,,,,,,,,,,,,,,,,,,,,,,,,
ISic020156,,,,,,ceramic,,unverified,,,,,,,,,,,,,,,,,,,,,,,,,
ISic020157,,,,,,ceramic,,unverified,,,,,,,,,,,,,,,,,,,,,,,,,
ISic020158,,,,,,ceramic,,unverified,,,,,,,,,,,,,,,,,,,,,,,,,
ISic020159,,,,,,ceramic,,unverified,,,,,,,,,,,,,,,,,,,,,,,,,
ISic020160,,,,,,ceramic,,unverified,,,,,,,,,,,,,,,,,,,,,,,,,
ISic020161,,,,,,ceramic,,unverified,,,,,,,,,,,,,,,,,,,,,,,,,
ISic020162,,,,,,ceramic,,unverified,,,,,,,,,,,,,,,,,,,,,,,,,
ISic020163,,,,,,ceramic,,unverified,,,,,,,,,,,,,,,,,,,,,,,,,
ISic020164,,,,,,ceramic,,unverified,,,,,,,,,,,,,,,,,,,,,,,,,
ISic020165,,,,,,ceramic,,unverified,,,,,,,,,,,,,,,,,,,,,,,,,
ISic020166,,,,,,ceramic,,unverified,,,,,,,,,,,,,,,,,,,,,,,,,
ISic020167,,,,,,ceramic,,unverified,,,,,,,,,,,,,,,,,,,,,,,,,
ISic020168,,,,,,ceramic,,unverified,,,,,,,,,,,,,,,,,,,,,,,,,
ISic020169,,,,,,ceramic,,unverified,,,,,,,,,,,,,,,,,,,,,,,,,
ISic020170,,,,,,ceramic,,unverified,,,,,,,,,,,,,,,,,,,,,,,,,
ISic020171,,,,,,ceramic,,unverified,,,,,,,,,,,,,,,,,,,,,,,,,
ISic020172,,,,,,ceramic,,unverified,,,,,,,,,,,,,,,,,,,,,,,,,
ISic020173,,,,,,ceramic,,unverified,,,,,,,,,,,,,,,,,,,,,,,,,
ISic020174,,,,,,ceramic,,unverified,,,,,,,,,,,,,,,,,,,,,,,,,
ISic020175,,,,,,ceramic,,unverified,,,,,,,,,,,,,,,,,,,,,,,,,
ISic020176,,,,,,ceramic,,unverified,,,,,,,,,,,,,,,,,,,,,,,,,
ISic020177,,,,,,ceramic,,unverified,,,,,,,,,,,,,,,,,,,,,,,,,
ISic020178,,,,,,ceramic,,unverified,,,,,,,,,,,,,,,,,,,,,,,,,
ISic020179,,,,,,ceramic,,unverified,,,,,,,,,,,,,,,,,,,,,,,,,
ISic020180,,,,,,ceramic,,unverified,,,,,,,,,,,,,,,,,,,,,,,,,
ISic020181,,,,,,ceramic,,unverified,,,,,,,,,,,,,,,,,,,,,,,,,
ISic020182,,,,,,ceramic,,unverified,,,,,,,,,,,,,,,,,,,,,,,,,
ISic020183,,,,,,ceramic,,unverified,,,,,,,,,,,,,,,,,,,,,,,,,
ISic020184,,,,,,ceramic,,unverified,,,,,,,,,,,,,,,,,,,,,,,,,
ISic020185,,,,,,ceramic,,unverified,,,,,,,,,,,,,,,,,,,,,,,,,
ISic020186,,,,,,ceramic,,unverified,,,,,,,,,,,,,,,,,,,,,,,,,
ISic020187,,,,,,ceramic,,unverified,,,,,,,,,,,,,,,,,,,,,,,,,
ISic020188,,,,,,ceramic,,unverified,,,,,,,,,,,,,,,,,,,,,,,,,
ISic020189,,,,,,ceramic,,unverified,,,,,,,,,,,,,,,,,,,,,,,,,
ISic020190,,,,,,ceramic,,unverified,,,,,,,,,,,,,,,,,,,,,,,,,
ISic020191,,,,,,ceramic,,unverified,,,,,,,,,,,,,,,,,,,,,,,,,
ISic020192,,,,,,ceramic,,unverified,,,,,,,,,,,,,,,,,,,,,,,,,
ISic020193,,,,,,ceramic,,unverified,,,,,,,,,,,,,,,,,,,,,,,,,
ISic020194,,,,,,ceramic,,unverified,,,,,,,,,,,,,,,,,,,,,,,,,
ISic020195,,,,,,ceramic,,unverified,,,,,,,,,,,,,,,,,,,,,,,,,
ISic020196,,,,,,ceramic,,unverified,,,,,,,,,,,,,,,,,,,,,,,,,
ISic020197,,,,,,ceramic,,unverified,,,,,,,,,,,,,,,,,,,,,,,,,
ISic020198,,,,,,ceramic,,unverified,,,,,,,,,,,,,,,,,,,,,,,,,
ISic020199,,,,,,ceramic,,unverified,,,,,,,,,,,,,,,,,,,,,,,,,
ISic020200,,,,,,ceramic,,unverified,,,,,,,,,,,,,,,,,,,,,,,,,
ISic020201,,,,,,ceramic,,unverified,,,,,,,,,,,,,,,,,,,,,,,,,
ISic020202,,,,,,ceramic,,unverified,,,,,,,,,,,,,,,,,,,,,,,,,
ISic020203,,,,,,ceramic,,unverified,,,,,,,,,,,,,,,,,,,,,,,,,
ISic020204,,,,,,ceramic,,unverified,,,,,,,,,,,,,,,,,,,,,,,,,
ISic020205,,,,,,ceramic,,unverified,,,,,,,,,,,,,,,,,,,,,,,,,
ISic020206,,,,,,ceramic,,unverified,,,,,,,,,,,,,,,,,,,,,,,,,
ISic020207,,,,,,ceramic,,unverified,,,,,,,,,,,,,,,,,,,,,,,,,
ISic020208,,,,,,ceramic,,unverified,,,,,,,,,,,,,,,,,,,,,,,,,
ISic020209,,,,,,ceramic,,unverified,,,,,,,,,,,,,,,,,,,,,,,,,
ISic020210,,,,,,ceramic,,unverified,,,,,,,,,,,,,,,,,,,,,,,,,
ISic020211,,,,,,ceramic,,unverified,,,,,,,,,,,,,,,,,,,,,,,,,
ISic020212,,,,,,ceramic,,unverified,,,,,,,,,,,,,,,,,,,,,,,,,
ISic020213,,,,,,ceramic,,unverified,,,,,,,,,,,,,,,,,,,,,,,,,
ISic020214,,,,,,ceramic,,unverified,,,,,,,,,,,,,,,,,,,,,,,,,
ISic020215,,,,,,ceramic,,unverified,,,,,,,,,,,,,,,,,,,,,,,,,
ISic020216,,,,,,ceramic,,unverified,,,,,,,,,,,,,,,,,,,,,,,,,
ISic020217,,,,,,ceramic,,unverified,,,,,,,,,,,,,,,,,,,,,,,,,
ISic020218,,,,,,ceramic,,unverified,,,,,,,,,,,,,,,,,,,,,,,,,
ISic020219,,,,,,ceramic,,unverified,,,,,,,,,,,,,,,,,,,,,,,,,
ISic020220,,,,,,ceramic,,unverified,,,,,,,,,,,,,,,,,,,,,,,,,
ISic020221,,,,,,ceramic,,unverified,,,,,,,,,,,,,,,,,,,,,,,,,
ISic020222,,,,,,ceramic,,unverified,,,,,,,,,,,,,,,,,,,,,,,,,
ISic020223,,,,,,ceramic,,unverified,,,,,,,,,,,,,,,,,,,,,,,,,
ISic020224,,,,,,ceramic,,unverified,,,,,,,,,,,,,,,,,,,,,,,,,
ISic020225,,,,,,ceramic,,unverified,,,,,,,,,,,,,,,,,,,,,,,,,
ISic020226,,,,,,ceramic,,unverified,,,,,,,,,,,,,,,,,,,,,,,,,
ISic020227,,,,,,ceramic,,unverified,,,,,,,,,,,,,,,,,,,,,,,,,
ISic020228,,,,,,ceramic,,unverified,,,,,,,,,,,,,,,,,,,,,,,,,
ISic020229,,,,,,ceramic,,unverified,,,,,,,,,,,,,,,,,,,,,,,,,
ISic020230,,,,,,ceramic,,unverified,,,,,,,,,,,,,,,,,,,,,,,,,
ISic020231,,,,,,ceramic,,unverified,,,,,,,,,,,,,,,,,,,,,,,,,
ISic020232,,,,,,ceramic,,unverified,,,,,,,,,,,,,,,,,,,,,,,,,
ISic020233,,,,,,ceramic,,unverified,,,,,,,,,,,,,,,,,,,,,,,,,
ISic020234,,,,,,ceramic,,unverified,,,,,,,,,,,,,,,,,,,,,,,,,
ISic020235,,,,,,ceramic,,unverified,,,,,,,,,,,,,,,,,,,,,,,,,
ISic020236,,,,,,ceramic,,unverified,,,,,,,,,,,,,,,,,,,,,,,,,
ISic020237,,,,,,ceramic,,unverified,,,,,,,,,,,,,,,,,,,,,,,,,
ISic020238,,,,,,ceramic,,unverified,,,,,,,,,,,,,,,,,,,,,,,,,
ISic020239,,,,,,ceramic,,unverified,,,,,,,,,,,,,,,,,,,,,,,,,
ISic020240,,,,,,ceramic,,unverified,,,,,,,,,,,,,,,,,,,,,,,,,
ISic020241,,,,,,ceramic,,unverified,,,,,,,,,,,,,,,,,,,,,,,,,
ISic020242,,,,,,ceramic,,unverified,,,,,,,,,,,,,,,,,,,,,,,,,
ISic020243,,,,,,ceramic,,unverified,,,,,,,,,,,,,,,,,,,,,,,,,
ISic020244,,,,,,ceramic,,unverified,,,,,,,,,,,,,,,,,,,,,,,,,
ISic020245,,,,,,ceramic,,unverified,,,,,,,,,,,,,,,,,,,,,,,,,
ISic020246,,,,,,ceramic,,unverified,,,,,,,,,,,,,,,,,,,,,,,,,
ISic020247,,,,,,ceramic,,unverified,,,,,,,,,,,,,,,,,,,,,,,,,
ISic020248,,,,,,ceramic,,unverified,,,,,,,,,,,,,,,,,,,,,,,,,
ISic020249,,,,,,ceramic,,unverified,,,,,,,,,,,,,,,,,,,,,,,,,
ISic020250,,,,,,ceramic,,unverified,,,,,,,,,,,,,,,,,,,,,,,,,
ISic020251,,,,,,ceramic,,unverified,,,,,,,,,,,,,,,,,,,,,,,,,
ISic020252,,,,,,ceramic,,unverified,,,,,,,,,,,,,,,,,,,,,,,,,
ISic020253,,,,,,ceramic,,unverified,,,,,,,,,,,,,,,,,,,,,,,,,
ISic020254,,,,,,ceramic,,unverified,,,,,,,,,,,,,,,,,,,,,,,,,
ISic020255,,,,,,ceramic,,unverified,,,,,,,,,,,,,,,,,,,,,,,,,
ISic020256,,,,,,ceramic,,unverified,,,,,,,,,,,,,,,,,,,,,,,,,
ISic020257,,,,,,ceramic,,unverified,,,,,,,,,,,,,,,,,,,,,,,,,
ISic020258,,,,,,ceramic,,unverified,,,,,,,,,,,,,,,,,,,,,,,,,
ISic020259,,,,,,ceramic,,unverified,,,,,,,,,,,,,,,,,,,,,,,,,
ISic020260,,,,,,ceramic,,unverified,,,,,,,,,,,,,,,,,,,,,,,,,
ISic020261,,,,,,ceramic,,unverified,,,,,,,,,,,,,,,,,,,,,,,,,
ISic020262,,,,,,ceramic,,unverified,,,,,,,,,,,,,,,,,,,,,,,,,
ISic020263,,,,,,ceramic,,unverified,,,,,,,,,,,,,,,,,,,,,,,,,
ISic020264,,,,,,ceramic,,unverified,,,,,,,,,,,,,,,,,,,,,,,,,
ISic020265,,,,,,ceramic,,unverified,,,,,,,,,,,,,,,,,,,,,,,,,
ISic020266,,,,,,ceramic,,unverified,,,,,,,,,,,,,,,,,,,,,,,,,
ISic020267,,,,,,ceramic,,unverified,,,,,,,,,,,,,,,,,,,,,,,,,
ISic020268,,,,,,ceramic,,unverified,,,,,,,,,,,,,,,,,,,,,,,,,
ISic020269,,,,,,ceramic,,unverified,,,,,,,,,,,,,,,,,,,,,,,,,
ISic020270,,,,,,ceramic,,unverified,,,,,,,,,,,,,,,,,,,,,,,,,
ISic020271,,,,,,ceramic,,unverified,,,,,,,,,,,,,,,,,,,,,,,,,
ISic020272,,,,,,ceramic,,unverified,,,,,,,,,,,,,,,,,,,,,,,,,
ISic020273,,,,,,ceramic,,unverified,,,,,,,,,,,,,,,,,,,,,,,,,
ISic020274,,,,,,ceramic,,unverified,,,,,,,,,,,,,,,,,,,,,,,,,
ISic020275,,,,,,ceramic,,unverified,,,,,,,,,,,,,,,,,,,,,,,,,
ISic020276,,,,,,ceramic,,unverified,,,,,,,,,,,,,,,,,,,,,,,,,
ISic020277,,,,,,ceramic,,unverified,,,,,,,,,,,,,,,,,,,,,,,,,
ISic020278,,,,,,ceramic,,unverified,,,,,,,,,,,,,,,,,,,,,,,,,
ISic020279,,,,,,ceramic,,unverified,,,,,,,,,,,,,,,,,,,,,,,,,
ISic020280,,,,,,ceramic,,unverified,,,,,,,,,,,,,,,,,,,,,,,,,
ISic020281,,,,,,ceramic,,unverified,,,,,,,,,,,,,,,,,,,,,,,,,
ISic020282,,,,,,ceramic,,unverified,,,,,,,,,,,,,,,,,,,,,,,,,
ISic020283,,,,,,ceramic,,unverified,,,,,,,,,,,,,,,,,,,,,,,,,
ISic020284,,,,,,ceramic,,unverified,,,,,,,,,,,,,,,,,,,,,,,,,
ISic020285,,,,,,ceramic,,unverified,,,,,,,,,,,,,,,,,,,,,,,,,
ISic020286,,,,,,ceramic,,unverified,,,,,,,,,,,,,,,,,,,,,,,,,
ISic020287,,,,,,ceramic,,unverified,,,,,,,,,,,,,,,,,,,,,,,,,
ISic020288,,,,,,ceramic,,unverified,,,,,,,,,,,,,,,,,,,,,,,,,
ISic020289,,,,,,ceramic,,unverified,,,,,,,,,,,,,,,,,,,,,,,,,
ISic020290,,,,,,ceramic,,unverified,,,,,,,,,,,,,,,,,,,,,,,,,
ISic020291,,,,,,ceramic,,unverified,,,,,,,,,,,,,,,,,,,,,,,,,
ISic020292,,,,,,ceramic,,unverified,,,,,,,,,,,,,,,,,,,,,,,,,
ISic020293,,,,,,ceramic,,unverified,,,,,,,,,,,,,,,,,,,,,,,,,
ISic020294,,,,,,ceramic,,unverified,,,,,,,,,,,,,,,,,,,,,,,,,
ISic020295,,,,,,ceramic,,unverified,,,,,,,,,,,,,,,,,,,,,,,,,
ISic020296,,,,,,ceramic,,unverified,,,,,,,,,,,,,,,,,,,,,,,,,
ISic020297,,,,,,ceramic,,unverified,,,,,,,,,,,,,,,,,,,,,,,,,
ISic020298,,,,,,ceramic,,unverified,,,,,,,,,,,,,,,,,,,,,,,,,
ISic020299,,,,,,ceramic,,unverified,,,,,,,,,,,,,,,,,,,,,,,,,
ISic020300,,,,,,ceramic,,unverified,,,,,,,,,,,,,,,,,,,,,,,,,
ISic020301,,,,,,ceramic,,unverified,,,,,,,,,,,,,,,,,,,,,,,,,
ISic020302,,,,,,ceramic,,unverified,,,,,,,,,,,,,,,,,,,,,,,,,
ISic020303,,,,,,ceramic,,unverified,,,,,,,,,,,,,,,,,,,,,,,,,
ISic020304,,,,,,ceramic,,unverified,,,,,,,,,,,,,,,,,,,,,,,,,
ISic020305,,,,,,ceramic,,unverified,,,,,,,,,,,,,,,,,,,,,,,,,
ISic020306,,,,,,ceramic,,unverified,,,,,,,,,,,,,,,,,,,,,,,,,
ISic020307,,,,,,ceramic,,unverified,,,,,,,,,,,,,,,,,,,,,,,,,
ISic020308,,,,,,ceramic,,unverified,,,,,,,,,,,,,,,,,,,,,,,,,
ISic020309,,,,,,ceramic,,unverified,,,,,,,,,,,,,,,,,,,,,,,,,
ISic020310,,,,,,ceramic,,unverified,,,,,,,,,,,,,,,,,,,,,,,,,
ISic020311,,,,,,ceramic,,unverified,,,,,,,,,,,,,,,,,,,,,,,,,
ISic020312,,,,,,ceramic,,unverified,,,,,,,,,,,,,,,,,,,,,,,,,
ISic020313,,,,,,ceramic,,unverified,,,,,,,,,,,,,,,,,,,,,,,,,
ISic020314,,,,,,ceramic,,unverified,,,,,,,,,,,,,,,,,,,,,,,,,
ISic020315,,,,,,ceramic,,unverified,,,,,,,,,,,,,,,,,,,,,,,,,
ISic020316,,,,,,ceramic,,unverified,,,,,,,,,,,,,,,,,,,,,,,,,
ISic020317,,,,,,ceramic,,unverified,,,,,,,,,,,,,,,,,,,,,,,,,
ISic020318,,,,,,ceramic,,unverified,,,,,,,,,,,,,,,,,,,,,,,,,
ISic020319,,,,,,ceramic,,unverified,,,,,,,,,,,,,,,,,,,,,,,,,
ISic020320,,,,,,ceramic,,unverified,,,,,,,,,,,,,,,,,,,,,,,,,
ISic020321,,,,,,ceramic,,unverified,,,,,,,,,,,,,,,,,,,,,,,,,
ISic020322,,,,,,ceramic,,unverified,,,,,,,,,,,,,,,,,,,,,,,,,
ISic020323,,,,,,ceramic,,unverified,,,,,,,,,,,,,,,,,,,,,,,,,
ISic020324,,,,,,ceramic,,unverified,,,,,,,,,,,,,,,,,,,,,,,,,
ISic020325,,,,,,ceramic,,unverified,,,,,,,,,,,,,,,,,,,,,,,,,
ISic020326,,,,,,ceramic,,unverified,,,,,,,,,,,,,,,,,,,,,,,,,
ISic020327,,,,,,ceramic,,unverified,,,,,,,,,,,,,,,,,,,,,,,,,
ISic020328,,,,,,ceramic,,unverified,,,,,,,,,,,,,,,,,,,,,,,,,
ISic020329,,,,,,ceramic,,unverified,,,,,,,,,,,,,,,,,,,,,,,,,
ISic020330,,,,,,ceramic,,unverified,,,,,,,,,,,,,,,,,,,,,,,,,
ISic020331,,,,,,ceramic,,unverified,,,,,,,,,,,,,,,,,,,,,,,,,
ISic020332,,,,,,ceramic,,unverified,,,,,,,,,,,,,,,,,,,,,,,,,
ISic020333,,,,,,ceramic,,unverified,,,,,,,,,,,,,,,,,,,,,,,,,
ISic020334,,,,,,ceramic,,unverified,,,,,,,,,,,,,,,,,,,,,,,,,
ISic020335,,,,,,ceramic,,unverified,,,,,,,,,,,,,,,,,,,,,,,,,
ISic020336,,,,,,ceramic,,unverified,,,,,,,,,,,,,,,,,,,,,,,,,
ISic020337,,,,,,ceramic,,unverified,,,,,,,,,,,,,,,,,,,,,,,,,
ISic020338,,,,,,ceramic,,unverified,,,,,,,,,,,,,,,,,,,,,,,,,
ISic020339,,,,,,ceramic,,unverified,,,,,,,,,,,,,,,,,,,,,,,,,
ISic020340,,,,,,ceramic,,unverified,,,,,,,,,,,,,,,,,,,,,,,,,
ISic020341,,,,,,ceramic,,unverified,,,,,,,,,,,,,,,,,,,,,,,,,
ISic020342,,,,,,ceramic,,unverified,,,,,,,,,,,,,,,,,,,,,,,,,
ISic020343,,,,,,ceramic,,unverified,,,,,,,,,,,,,,,,,,,,,,,,,
ISic020344,,,,,,ceramic,,unverified,,,,,,,,,,,,,,,,,,,,,,,,,
ISic020345,,,,,,ceramic,,unverified,,,,,,,,,,,,,,,,,,,,,,,,,
ISic020346,,,,,,ceramic,,unverified,,,,,,,,,,,,,,,,,,,,,,,,,
ISic020347,,,,,,ceramic,,unverified,,,,,,,,,,,,,,,,,,,,,,,,,
ISic020348,,,,,,ceramic,,unverified,,,,,,,,,,,,,,,,,,,,,,,,,
ISic020349,,,,,,ceramic,,unverified,,,,,,,,,,,,,,,,,,,,,,,,,
ISic020350,,,,,,ceramic,,unverified,,,,,,,,,,,,,,,,,,,,,,,,,
ISic020351,,,,,,ceramic,,unverified,,,,,,,,,,,,,,,,,,,,,,,,,
ISic020352,,,,,,ceramic,,unverified,,,,,,,,,,,,,,,,,,,,,,,,,
ISic020353,,,,,,ceramic,,unverified,,,,,,,,,,,,,,,,,,,,,,,,,
ISic020354,,,,,,ceramic,,unverified,,,,,,,,,,,,,,,,,,,,,,,,,
ISic020355,,,,,,ceramic,,unverified,,,,,,,,,,,,,,,,,,,,,,,,,
ISic020356,,,,,,ceramic,,unverified,,,,,,,,,,,,,,,,,,,,,,,,,
ISic020357,,,,,,ceramic,,unverified,,,,,,,,,,,,,,,,,,,,,,,,,
ISic020358,,,,,,ceramic,,unverified,,,,,,,,,,,,,,,,,,,,,,,,,
ISic020359,,,,,,ceramic,,unverified,,,,,,,,,,,,,,,,,,,,,,,,,
ISic020360,,,,,,ceramic,,unverified,,,,,,,,,,,,,,,,,,,,,,,,,
ISic020361,,,,,,ceramic,,unverified,,,,,,,,,,,,,,,,,,,,,,,,,
ISic020362,,,,,,ceramic,,unverified,,,,,,,,,,,,,,,,,,,,,,,,,
ISic020362,,,,,,ceramic,,unverified,,,,,,,,,,,,,,,,,,,,,,,,,
ISic020363,,,,,,ceramic,,unverified,,,,,,,,,,,,,,,,,,,,,,,,,
ISic020364,,,,,,ceramic,,unverified,,,,,,,,,,,,,,,,,,,,,,,,,
ISic020365,,,,,,ceramic,,unverified,,,,,,,,,,,,,,,,,,,,,,,,,
ISic020366,,,,,,ceramic,,unverified,,,,,,,,,,,,,,,,,,,,,,,,,
ISic020367,,,,,,ceramic,,unverified,,,,,,,,,,,,,,,,,,,,,,,,,
ISic020368,,,,,,ceramic,,unverified,,,,,,,,,,,,,,,,,,,,,,,,,
ISic020369,,,,,,ceramic,,unverified,,,,,,,,,,,,,,,,,,,,,,,,,
ISic020370,,,,,,ceramic,,unverified,,,,,,,,,,,,,,,,,,,,,,,,,
ISic020371,,,,,,ceramic,,unverified,,,,,,,,,,,,,,,,,,,,,,,,,
ISic020372,,,,,,ceramic,,unverified,,,,,,,,,,,,,,,,,,,,,,,,,
ISic020373,,,,,,ceramic,,unverified,,,,,,,,,,,,,,,,,,,,,,,,,
ISic020374,,,,,,ceramic,,unverified,,,,,,,,,,,,,,,,,,,,,,,,,
ISic020375,,,,,,ceramic,,unverified,,,,,,,,,,,,,,,,,,,,,,,,,
ISic020376,,,,,,ceramic,,unverified,,,,,,,,,,,,,,,,,,,,,,,,,
ISic020377,,,,,,ceramic,,unverified,,,,,,,,,,,,,,,,,,,,,,,,,
ISic020378,,,,,,ceramic,,unverified,,,,,,,,,,,,,,,,,,,,,,,,,
ISic020379,,,,,,ceramic,,unverified,,,,,,,,,,,,,,,,,,,,,,,,,
ISic020380,,,,,,ceramic,,unverified,,,,,,,,,,,,,,,,,,,,,,,,,
ISic020381,,,,,,ceramic,,unverified,,,,,,,,,,,,,,,,,,,,,,,,,
ISic020382,,,,,,ceramic,,unverified,,,,,,,,,,,,,,,,,,,,,,,,,
ISic020383,,,,,,ceramic,,unverified,,,,,,,,,,,,,,,,,,,,,,,,,
ISic020384,,,,,,ceramic,,unverified,,,,,,,,,,,,,,,,,,,,,,,,,
ISic020385,,,,,,ceramic,,unverified,,,,,,,,,,,,,,,,,,,,,,,,,
ISic020386,,,,,,ceramic,,unverified,,,,,,,,,,,,,,,,,,,,,,,,,
ISic020387,,,,,,ceramic,,unverified,,,,,,,,,,,,,,,,,,,,,,,,,
ISic020388,,,,,,ceramic,,unverified,,,,,,,,,,,,,,,,,,,,,,,,,
ISic020389,,,,,,ceramic,,unverified,,,,,,,,,,,,,,,,,,,,,,,,,
ISic020390,,,,,,ceramic,,unverified,,,,,,,,,,,,,,,,,,,,,,,,,
ISic020391,,,,,,ceramic,,unverified,,,,,,,,,,,,,,,,,,,,,,,,,
ISic020392,,,,,,ceramic,,unverified,,,,,,,,,,,,,,,,,,,,,,,,,
ISic020393,,,,,,ceramic,,unverified,,,,,,,,,,,,,,,,,,,,,,,,,
ISic020394,,,,,,ceramic,,unverified,,,,,,,,,,,,,,,,,,,,,,,,,
ISic020395,,,,,,ceramic,,unverified,,,,,,,,,,,,,,,,,,,,,,,,,
ISic020396,,,,,,ceramic,,unverified,,,,,,,,,,,,,,,,,,,,,,,,,
ISic020397,,,,,,ceramic,,unverified,,,,,,,,,,,,,,,,,,,,,,,,,
ISic020398,,,,,,ceramic,,unverified,,,,,,,,,,,,,,,,,,,,,,,,,
ISic020399,,,,,,ceramic,,unverified,,,,,,,,,,,,,,,,,,,,,,,,,
ISic020400,,,,,,ceramic,,unverified,,,,,,,,,,,,,,,,,,,,,,,,,
ISic020401,,,,,,ceramic,,unverified,,,,,,,,,,,,,,,,,,,,,,,,,
ISic020402,,,,,,ceramic,,unverified,,,,,,,,,,,,,,,,,,,,,,,,,
ISic020403,,,,,,ceramic,,unverified,,,,,,,,,,,,,,,,,,,,,,,,,
ISic020404,,,,,,ceramic,,unverified,,,,,,,,,,,,,,,,,,,,,,,,,
ISic020405,,,,,,ceramic,,unverified,,,,,,,,,,,,,,,,,,,,,,,,,
ISic020406,,,,,,ceramic,,unverified,,,,,,,,,,,,,,,,,,,,,,,,,
ISic020407,,,,,,ceramic,,unverified,,,,,,,,,,,,,,,,,,,,,,,,,
ISic020408,,,,,,ceramic,,unverified,,,,,,,,,,,,,,,,,,,,,,,,,
ISic020409,,,,,,ceramic,,unverified,,,,,,,,,,,,,,,,,,,,,,,,,
ISic020410,,,,,,ceramic,,unverified,,,,,,,,,,,,,,,,,,,,,,,,,
ISic020411,,,,,,ceramic,,unverified,,,,,,,,,,,,,,,,,,,,,,,,,
ISic020412,,,,,,ceramic,,unverified,,,,,,,,,,,,,,,,,,,,,,,,,
ISic020413,,,,,,ceramic,,unverified,,,,,,,,,,,,,,,,,,,,,,,,,
ISic020414,,,,,,ceramic,,unverified,,,,,,,,,,,,,,,,,,,,,,,,,
ISic020415,,,,,,ceramic,,unverified,,,,,,,,,,,,,,,,,,,,,,,,,
ISic020416,,,,,,ceramic,,unverified,,,,,,,,,,,,,,,,,,,,,,,,,
ISic020417,,,,,,ceramic,,unverified,,,,,,,,,,,,,,,,,,,,,,,,,
ISic020418,,,,,,ceramic,,unverified,,,,,,,,,,,,,,,,,,,,,,,,,
ISic020419,,,,,,ceramic,,unverified,,,,,,,,,,,,,,,,,,,,,,,,,
ISic020420,,,,,,ceramic,,unverified,,,,,,,,,,,,,,,,,,,,,,,,,
ISic020421,,,,,,ceramic,,unverified,,,,,,,,,,,,,,,,,,,,,,,,,
ISic020422,,,,,,ceramic,,unverified,,,,,,,,,,,,,,,,,,,,,,,,,
ISic020423,,,,,,ceramic,,unverified,,,,,,,,,,,,,,,,,,,,,,,,,
ISic020424,,,,,,ceramic,,unverified,,,,,,,,,,,,,,,,,,,,,,,,,
ISic020425,,,,,,ceramic,,unverified,,,,,,,,,,,,,,,,,,,,,,,,,
ISic020426,,,,,,ceramic,,unverified,,,,,,,,,,,,,,,,,,,,,,,,,
ISic020427,,,,,,ceramic,,unverified,,,,,,,,,,,,,,,,,,,,,,,,,
ISic020428,,,,,,ceramic,,unverified,,,,,,,,,,,,,,,,,,,,,,,,,
ISic020429,,,,,,ceramic,,unverified,,,,,,,,,,,,,,,,,,,,,,,,,
ISic020430,,,,,,ceramic,,unverified,,,,,,,,,,,,,,,,,,,,,,,,,
ISic020431,,,,,,ceramic,,unverified,,,,,,,,,,,,,,,,,,,,,,,,,
ISic020432,,,,,,ceramic,,unverified,,,,,,,,,,,,,,,,,,,,,,,,,
ISic020433,,,,,,ceramic,,unverified,,,,,,,,,,,,,,,,,,,,,,,,,
ISic020434,,,,,,ceramic,,unverified,,,,,,,,,,,,,,,,,,,,,,,,,
ISic020435,,,,,,ceramic,,unverified,,,,,,,,,,,,,,,,,,,,,,,,,
ISic020436,,,,,,ceramic,,unverified,,,,,,,,,,,,,,,,,,,,,,,,,
ISic020437,,,,,,ceramic,,unverified,,,,,,,,,,,,,,,,,,,,,,,,,
ISic020438,,,,,,ceramic,,unverified,,,,,,,,,,,,,,,,,,,,,,,,,
ISic020439,,,,,,ceramic,,unverified,,,,,,,,,,,,,,,,,,,,,,,,,
ISic020440,,,,,,ceramic,,unverified,,,,,,,,,,,,,,,,,,,,,,,,,
ISic020441,,,,,,ceramic,,unverified,,,,,,,,,,,,,,,,,,,,,,,,,
ISic020442,,,,,,ceramic,,unverified,,,,,,,,,,,,,,,,,,,,,,,,,
ISic020443,,,,,,ceramic,,unverified,,,,,,,,,,,,,,,,,,,,,,,,,
ISic020444,,,,,,ceramic,,unverified,,,,,,,,,,,,,,,,,,,,,,,,,
ISic020445,,,,,,ceramic,,unverified,,,,,,,,,,,,,,,,,,,,,,,,,
ISic020446,,,,,,ceramic,,unverified,,,,,,,,,,,,,,,,,,,,,,,,,
ISic020447,,,,,,ceramic,,unverified,,,,,,,,,,,,,,,,,,,,,,,,,
ISic020448,,,,,,ceramic,,unverified,,,,,,,,,,,,,,,,,,,,,,,,,
ISic020450,,,,,,ceramic,,unverified,,,,,,,,,,,,,,,,,,,,,,,,,
ISic020451,,,,,,ceramic,,unverified,,,,,,,,,,,,,,,,,,,,,,,,,
ISic020452,,,,,,ceramic,,unverified,,,,,,,,,,,,,,,,,,,,,,,,,
ISic020453,,,,,,ceramic,,unverified,,,,,,,,,,,,,,,,,,,,,,,,,
ISic020454,,,,,,ceramic,,unverified,,,,,,,,,,,,,,,,,,,,,,,,,
ISic020455,,,,,,ceramic,,unverified,,,,,,,,,,,,,,,,,,,,,,,,,
ISic020456,,,,,,ceramic,,unverified,,,,,,,,,,,,,,,,,,,,,,,,,
ISic020457,,,,,,ceramic,,unverified,,,,,,,,,,,,,,,,,,,,,,,,,
ISic020458,,,,,,ceramic,,unverified,,,,,,,,,,,,,,,,,,,,,,,,,
ISic020459,,,,,,ceramic,,unverified,,,,,,,,,,,,,,,,,,,,,,,,,
ISic020460,,,,,,ceramic,,unverified,,,,,,,,,,,,,,,,,,,,,,,,,
ISic020461,,,,,,ceramic,,unverified,,,,,,,,,,,,,,,,,,,,,,,,,
ISic020462,,,,,,ceramic,,unverified,,,,,,,,,,,,,,,,,,,,,,,,,
ISic020463,,,,,,ceramic,,unverified,,,,,,,,,,,,,,,,,,,,,,,,,
ISic020464,,,,,,ceramic,,unverified,,,,,,,,,,,,,,,,,,,,,,,,,
ISic020465,,,,,,ceramic,,unverified,,,,,,,,,,,,,,,,,,,,,,,,,
ISic020466,,,,,,ceramic,,unverified,,,,,,,,,,,,,,,,,,,,,,,,,
ISic020467,,,,,,ceramic,,unverified,,,,,,,,,,,,,,,,,,,,,,,,,
ISic020468,,,,,,ceramic,,unverified,,,,,,,,,,,,,,,,,,,,,,,,,
ISic020469,,,,,,ceramic,,unverified,,,,,,,,,,,,,,,,,,,,,,,,,
ISic020470,,,,,,ceramic,,unverified,,,,,,,,,,,,,,,,,,,,,,,,,
ISic020471,,,,,,ceramic,,unverified,,,,,,,,,,,,,,,,,,,,,,,,,
ISic020472,,,,,,ceramic,,unverified,,,,,,,,,,,,,,,,,,,,,,,,,
ISic020473,,,,,,ceramic,,unverified,,,,,,,,,,,,,,,,,,,,,,,,,
ISic020474,,,,,,ceramic,,unverified,,,,,,,,,,,,,,,,,,,,,,,,,
ISic020475,,,,,,ceramic,,unverified,,,,,,,,,,,,,,,,,,,,,,,,,
ISic020476,,,,,,ceramic,,unverified,,,,,,,,,,,,,,,,,,,,,,,,,
ISic020477,,,,,,ceramic,,unverified,,,,,,,,,,,,,,,,,,,,,,,,,
ISic020478,,,,,,ceramic,,unverified,,,,,,,,,,,,,,,,,,,,,,,,,
ISic020479,,,,,,ceramic,,unverified,,,,,,,,,,,,,,,,,,,,,,,,,
ISic020480,,,,,,ceramic,,unverified,,,,,,,,,,,,,,,,,,,,,,,,,
ISic020481,,,,,,ceramic,,unverified,,,,,,,,,,,,,,,,,,,,,,,,,
ISic020482,,,,,,ceramic,,unverified,,,,,,,,,,,,,,,,,,,,,,,,,
ISic020483,,,,,,ceramic,,unverified,,,,,,,,,,,,,,,,,,,,,,,,,
ISic020484,,,,,,ceramic,,unverified,,,,,,,,,,,,,,,,,,,,,,,,,
ISic020485,,,,,,ceramic,,unverified,,,,,,,,,,,,,,,,,,,,,,,,,
ISic020486,,,,,,ceramic,,unverified,,,,,,,,,,,,,,,,,,,,,,,,,
ISic020487,,,,,,ceramic,,unverified,,,,,,,,,,,,,,,,,,,,,,,,,
ISic020488,,,,,,ceramic,,unverified,,,,,,,,,,,,,,,,,,,,,,,,,
ISic020489,,,,,,ceramic,,unverified,,,,,,,,,,,,,,,,,,,,,,,,,
ISic020490,,,,,,ceramic,,unverified,,,,,,,,,,,,,,,,,,,,,,,,,
ISic020491,,,,,,ceramic,,unverified,,,,,,,,,,,,,,,,,,,,,,,,,
ISic020492,,,,,,ceramic,,unverified,,,,,,,,,,,,,,,,,,,,,,,,,
ISic020493,,,,,,ceramic,,unverified,,,,,,,,,,,,,,,,,,,,,,,,,
ISic020494,,,,,,ceramic,,unverified,,,,,,,,,,,,,,,,,,,,,,,,,
ISic020495,,,,,,ceramic,,unverified,,,,,,,,,,,,,,,,,,,,,,,,,
ISic020496,,,,,,ceramic,,unverified,,,,,,,,,,,,,,,,,,,,,,,,,
ISic020497,,,,,,ceramic,,unverified,,,,,,,,,,,,,,,,,,,,,,,,,
ISic020499,,,,,,ceramic,,unverified,,,,,,,,,,,,,,,,,,,,,,,,,
ISic020500,,,,,,ceramic,,unverified,,,,,,,,,,,,,,,,,,,,,,,,,
ISic020501,,,,,,ceramic,,unverified,,,,,,,,,,,,,,,,,,,,,,,,,
ISic020502,,,,,,ceramic,,unverified,,,,,,,,,,,,,,,,,,,,,,,,,
ISic020503,,,,,,ceramic,,unverified,,,,,,,,,,,,,,,,,,,,,,,,,
ISic020504,,,,,,ceramic,,unverified,,,,,,,,,,,,,,,,,,,,,,,,,
ISic020505,,,,,,ceramic,,unverified,,,,,,,,,,,,,,,,,,,,,,,,,
ISic020506,,,,,,ceramic,,unverified,,,,,,,,,,,,,,,,,,,,,,,,,
ISic020507,,,,,,ceramic,,unverified,,,,,,,,,,,,,,,,,,,,,,,,,
ISic020508,,,,,,ceramic,,unverified,,,,,,,,,,,,,,,,,,,,,,,,,
ISic020509,,,,,,ceramic,,unverified,,,,,,,,,,,,,,,,,,,,,,,,,
ISic020510,,,,,,ceramic,,unverified,,,,,,,,,,,,,,,,,,,,,,,,,
ISic020511,,,,,,ceramic,,unverified,,,,,,,,,,,,,,,,,,,,,,,,,
ISic020512,,,,,,ceramic,,unverified,,,,,,,,,,,,,,,,,,,,,,,,,
ISic020513,,,,,,ceramic,,unverified,,,,,,,,,,,,,,,,,,,,,,,,,
ISic020514,,,,,,ceramic,,unverified,,,,,,,,,,,,,,,,,,,,,,,,,
ISic020515,,,,,,ceramic,,unverified,,,,,,,,,,,,,,,,,,,,,,,,,
ISic020516,,,,,,ceramic,,unverified,,,,,,,,,,,,,,,,,,,,,,,,,
ISic020517,,,,,,ceramic,,unverified,,,,,,,,,,,,,,,,,,,,,,,,,
ISic020518,,,,,,ceramic,,unverified,,,,,,,,,,,,,,,,,,,,,,,,,
ISic020519,,,,,,ceramic,,unverified,,,,,,,,,,,,,,,,,,,,,,,,,
ISic020520,,,,,,ceramic,,unverified,,,,,,,,,,,,,,,,,,,,,,,,,
ISic020521,,,,,,ceramic,,unverified,,,,,,,,,,,,,,,,,,,,,,,,,
ISic020522,,,,,,ceramic,,unverified,,,,,,,,,,,,,,,,,,,,,,,,,
ISic020523,,,,,,ceramic,,unverified,,,,,,,,,,,,,,,,,,,,,,,,,
ISic020524,,,,,,ceramic,,unverified,,,,,,,,,,,,,,,,,,,,,,,,,
ISic020525,,,,,,ceramic,,unverified,,,,,,,,,,,,,,,,,,,,,,,,,
ISic020526,,,,,,ceramic,,unverified,,,,,,,,,,,,,,,,,,,,,,,,,
ISic020527,,,,,,ceramic,,unverified,,,,,,,,,,,,,,,,,,,,,,,,,
ISic020528,,,,,,ceramic,,unverified,,,,,,,,,,,,,,,,,,,,,,,,,
ISic020529,,,,,,ceramic,,unverified,,,,,,,,,,,,,,,,,,,,,,,,,
ISic020530,,,,,,ceramic,,unverified,,,,,,,,,,,,,,,,,,,,,,,,,
ISic020531,,,,,,ceramic,,unverified,,,,,,,,,,,,,,,,,,,,,,,,,
ISic020532,,,,,,ceramic,,unverified,,,,,,,,,,,,,,,,,,,,,,,,,
ISic020533,,,,,,ceramic,,unverified,,,,,,,,,,,,,,,,,,,,,,,,,
ISic020534,,,,,,ceramic,,unverified,,,,,,,,,,,,,,,,,,,,,,,,,
ISic020535,,,,,,ceramic,,unverified,,,,,,,,,,,,,,,,,,,,,,,,,
ISic020536,,,,,,ceramic,,unverified,,,,,,,,,,,,,,,,,,,,,,,,,
ISic020537,,,,,,ceramic,,unverified,,,,,,,,,,,,,,,,,,,,,,,,,
ISic020538,,,,,,ceramic,,unverified,,,,,,,,,,,,,,,,,,,,,,,,,
ISic020539,,,,,,ceramic,,unverified,,,,,,,,,,,,,,,,,,,,,,,,,
ISic020540,,,,,,ceramic,,unverified,,,,,,,,,,,,,,,,,,,,,,,,,
ISic020541,,,,,,ceramic,,unverified,,,,,,,,,,,,,,,,,,,,,,,,,
ISic020542,,,,,,ceramic,,unverified,,,,,,,,,,,,,,,,,,,,,,,,,
ISic020543,,,,,,ceramic,,unverified,,,,,,,,,,,,,,,,,,,,,,,,,
ISic020544,,,,,,ceramic,,unverified,,,,,,,,,,,,,,,,,,,,,,,,,
ISic020545,,,,,,ceramic,,unverified,,,,,,,,,,,,,,,,,,,,,,,,,
ISic020546,,,,,,ceramic,,unverified,,,,,,,,,,,,,,,,,,,,,,,,,
ISic020547,,,,,,ceramic,,unverified,,,,,,,,,,,,,,,,,,,,,,,,,
ISic020548,,,,,,ceramic,,unverified,,,,,,,,,,,,,,,,,,,,,,,,,
ISic020549,,,,,,ceramic,,unverified,,,,,,,,,,,,,,,,,,,,,,,,,
ISic020550,,,,,,ceramic,,unverified,,,,,,,,,,,,,,,,,,,,,,,,,
ISic020551,,,,,,ceramic,,unverified,,,,,,,,,,,,,,,,,,,,,,,,,
ISic020552,,,,,,ceramic,,unverified,,,,,,,,,,,,,,,,,,,,,,,,,
ISic020553,,,,,,ceramic,,unverified,,,,,,,,,,,,,,,,,,,,,,,,,
ISic020554,,,,,,ceramic,,unverified,,,,,,,,,,,,,,,,,,,,,,,,,
ISic020555,,,,,,ceramic,,unverified,,,,,,,,,,,,,,,,,,,,,,,,,
ISic020556,,,,,,ceramic,,unverified,,,,,,,,,,,,,,,,,,,,,,,,,
ISic020558,,,,,,ceramic,,unverified,,,,,,,,,,,,,,,,,,,,,,,,,
ISic020559,,,,,,ceramic,,unverified,,,,,,,,,,,,,,,,,,,,,,,,,
ISic020560,,,,,,ceramic,,unverified,,,,,,,,,,,,,,,,,,,,,,,,,
ISic020561,,,,,,ceramic,,unverified,,,,,,,,,,,,,,,,,,,,,,,,,
ISic020562,,,,,,ceramic,,unverified,,,,,,,,,,,,,,,,,,,,,,,,,
ISic020563,,,,,,ceramic,,unverified,,,,,,,,,,,,,,,,,,,,,,,,,
ISic020564,,,,,,ceramic,,unverified,,,,,,,,,,,,,,,,,,,,,,,,,
ISic020565,,,,,,ceramic,,unverified,,,,,,,,,,,,,,,,,,,,,,,,,
ISic020566,,,,,,ceramic,,unverified,,,,,,,,,,,,,,,,,,,,,,,,,
ISic020567,,,,,,ceramic,,unverified,,,,,,,,,,,,,,,,,,,,,,,,,
ISic020568,,,,,,ceramic,,unverified,,,,,,,,,,,,,,,,,,,,,,,,,
ISic020569,,,,,,ceramic,,unverified,,,,,,,,,,,,,,,,,,,,,,,,,
ISic020570,,,,,,ceramic,,unverified,,,,,,,,,,,,,,,,,,,,,,,,,
ISic020571,,,,,,ceramic,,unverified,,,,,,,,,,,,,,,,,,,,,,,,,
ISic020572,,,,,,ceramic,,unverified,,,,,,,,,,,,,,,,,,,,,,,,,
ISic020573,,,,,,ceramic,,unverified,,,,,,,,,,,,,,,,,,,,,,,,,
ISic020574,,,,,,ceramic,,unverified,,,,,,,,,,,,,,,,,,,,,,,,,
ISic020575,,,,,,ceramic,,unverified,,,,,,,,,,,,,,,,,,,,,,,,,
ISic020576,,,,,,ceramic,,unverified,,,,,,,,,,,,,,,,,,,,,,,,,
ISic020577,,,,,,ceramic,,unverified,,,,,,,,,,,,,,,,,,,,,,,,,
ISic020578,,,,,,ceramic,,unverified,,,,,,,,,,,,,,,,,,,,,,,,,
ISic020579,,,,,,ceramic,,unverified,,,,,,,,,,,,,,,,,,,,,,,,,
ISic020580,,,,,,ceramic,,unverified,,,,,,,,,,,,,,,,,,,,,,,,,
ISic020581,,,,,,ceramic,,unverified,,,,,,,,,,,,,,,,,,,,,,,,,
ISic020582,,,,,,ceramic,,unverified,,,,,,,,,,,,,,,,,,,,,,,,,
ISic020583,,,,,,ceramic,,unverified,,,,,,,,,,,,,,,,,,,,,,,,,
ISic020584,,,,,,ceramic,,unverified,,,,,,,,,,,,,,,,,,,,,,,,,
ISic020585,,,,,,ceramic,,unverified,,,,,,,,,,,,,,,,,,,,,,,,,
ISic020586,,,,,,ceramic,,unverified,,,,,,,,,,,,,,,,,,,,,,,,,
ISic020587,,,,,,ceramic,,unverified,,,,,,,,,,,,,,,,,,,,,,,,,
ISic020588,,,,,,ceramic,,unverified,,,,,,,,,,,,,,,,,,,,,,,,,
ISic020589,,,,,,ceramic,,unverified,,,,,,,,,,,,,,,,,,,,,,,,,
ISic020590,,,,,,ceramic,,unverified,,,,,,,,,,,,,,,,,,,,,,,,,
ISic020591,,,,,,ceramic,,unverified,,,,,,,,,,,,,,,,,,,,,,,,,
ISic020592,,,,,,ceramic,,unverified,,,,,,,,,,,,,,,,,,,,,,,,,
ISic020593,,,,,,ceramic,,unverified,,,,,,,,,,,,,,,,,,,,,,,,,
ISic020594,,,,,,ceramic,,unverified,,,,,,,,,,,,,,,,,,,,,,,,,
ISic020595,,,,,,ceramic,,unverified,,,,,,,,,,,,,,,,,,,,,,,,,
ISic020596,,,,,,ceramic,,unverified,,,,,,,,,,,,,,,,,,,,,,,,,
ISic020597,,,,,,ceramic,,unverified,,,,,,,,,,,,,,,,,,,,,,,,,
ISic020598,,,,,,ceramic,,unverified,,,,,,,,,,,,,,,,,,,,,,,,,
ISic020599,,,,,,ceramic,,unverified,,,,,,,,,,,,,,,,,,,,,,,,,
ISic020600,,,,,,ceramic,,unverified,,,,,,,,,,,,,,,,,,,,,,,,,
ISic020601,,,,,,ceramic,,unverified,,,,,,,,,,,,,,,,,,,,,,,,,
ISic020602,,,,,,ceramic,,unverified,,,,,,,,,,,,,,,,,,,,,,,,,
ISic020603,,,,,,ceramic,,unverified,,,,,,,,,,,,,,,,,,,,,,,,,
ISic020604,,,,,,ceramic,,unverified,,,,,,,,,,,,,,,,,,,,,,,,,
ISic020605,,,,,,ceramic,,unverified,,,,,,,,,,,,,,,,,,,,,,,,,
ISic020606,,,,,,ceramic,,unverified,,,,,,,,,,,,,,,,,,,,,,,,,
ISic020607,,,,,,ceramic,,unverified,,,,,,,,,,,,,,,,,,,,,,,,,
ISic020608,,,,,,ceramic,,unverified,,,,,,,,,,,,,,,,,,,,,,,,,
ISic020609,,,,,,ceramic,,unverified,,,,,,,,,,,,,,,,,,,,,,,,,
ISic020610,,,,,,ceramic,,unverified,,,,,,,,,,,,,,,,,,,,,,,,,
ISic020611,,,,,,ceramic,,unverified,,,,,,,,,,,,,,,,,,,,,,,,,
ISic020612,,,,,,ceramic,,unverified,,,,,,,,,,,,,,,,,,,,,,,,,
ISic020613,,,,,,ceramic,,unverified,,,,,,,,,,,,,,,,,,,,,,,,,
ISic020614,,,,,,ceramic,,unverified,,,,,,,,,,,,,,,,,,,,,,,,,
ISic020615,,,,,,ceramic,,unverified,,,,,,,,,,,,,,,,,,,,,,,,,
ISic020616,,,,,,ceramic,,unverified,,,,,,,,,,,,,,,,,,,,,,,,,
ISic020617,,,,,,ceramic,,unverified,,,,,,,,,,,,,,,,,,,,,,,,,
ISic020618,,,,,,ceramic,,unverified,,,,,,,,,,,,,,,,,,,,,,,,,
ISic020619,,,,,,ceramic,,unverified,,,,,,,,,,,,,,,,,,,,,,,,,
ISic020620,,,,,,ceramic,,unverified,,,,,,,,,,,,,,,,,,,,,,,,,
ISic020621,,,,,,ceramic,,unverified,,,,,,,,,,,,,,,,,,,,,,,,,
ISic020622,,,,,,ceramic,,unverified,,,,,,,,,,,,,,,,,,,,,,,,,
ISic020623,,,,,,ceramic,,unverified,,,,,,,,,,,,,,,,,,,,,,,,,
ISic020624,,,,,,ceramic,,unverified,,,,,,,,,,,,,,,,,,,,,,,,,
ISic020625,,,,,,ceramic,,unverified,,,,,,,,,,,,,,,,,,,,,,,,,
ISic020626,,,,,,ceramic,,unverified,,,,,,,,,,,,,,,,,,,,,,,,,
ISic020627,,,,,,ceramic,,unverified,,,,,,,,,,,,,,,,,,,,,,,,,
ISic020628,,,,,,ceramic,,unverified,,,,,,,,,,,,,,,,,,,,,,,,,
ISic020629,,,,,,ceramic,,unverified,,,,,,,,,,,,,,,,,,,,,,,,,
ISic020630,,,,,,ceramic,,unverified,,,,,,,,,,,,,,,,,,,,,,,,,
ISic020631,,,,,,ceramic,,unverified,,,,,,,,,,,,,,,,,,,,,,,,,
ISic020632,,,,,,ceramic,,unverified,,,,,,,,,,,,,,,,,,,,,,,,,
ISic020633,,,,,,ceramic,,unverified,,,,,,,,,,,,,,,,,,,,,,,,,
ISic020634,,,,,,ceramic,,unverified,,,,,,,,,,,,,,,,,,,,,,,,,
ISic020635,,,,,,ceramic,,unverified,,,,,,,,,,,,,,,,,,,,,,,,,
ISic020636,,,,,,ceramic,,unverified,,,,,,,,,,,,,,,,,,,,,,,,,
ISic020637,,,,,,ceramic,,unverified,,,,,,,,,,,,,,,,,,,,,,,,,
ISic020638,,,,,,ceramic,,unverified,,,,,,,,,,,,,,,,,,,,,,,,,
ISic020639,,,,,,ceramic,,unverified,,,,,,,,,,,,,,,,,,,,,,,,,
ISic020640,,,,,,ceramic,,unverified,,,,,,,,,,,,,,,,,,,,,,,,,
ISic020641,,,,,,ceramic,,unverified,,,,,,,,,,,,,,,,,,,,,,,,,
ISic020642,,,,,,ceramic,,unverified,,,,,,,,,,,,,,,,,,,,,,,,,
ISic020643,,,,,,ceramic,,unverified,,,,,,,,,,,,,,,,,,,,,,,,,
ISic020644,,,,,,ceramic,,unverified,,,,,,,,,,,,,,,,,,,,,,,,,
ISic020645,,,,,,ceramic,,unverified,,,,,,,,,,,,,,,,,,,,,,,,,
ISic020646,,,,,,ceramic,,unverified,,,,,,,,,,,,,,,,,,,,,,,,,
ISic020647,,,,,,ceramic,,unverified,,,,,,,,,,,,,,,,,,,,,,,,,
ISic020648,,,,,,ceramic,,unverified,,,,,,,,,,,,,,,,,,,,,,,,,
ISic020649,,,,,,ceramic,,unverified,,,,,,,,,,,,,,,,,,,,,,,,,
ISic020650,,,,,,ceramic,,unverified,,,,,,,,,,,,,,,,,,,,,,,,,
ISic020651,,,,,,ceramic,,unverified,,,,,,,,,,,,,,,,,,,,,,,,,
ISic020652,,,,,,ceramic,,unverified,,,,,,,,,,,,,,,,,,,,,,,,,
ISic020653,,,,,,ceramic,,unverified,,,,,,,,,,,,,,,,,,,,,,,,,
ISic020654,,,,,,ceramic,,unverified,,,,,,,,,,,,,,,,,,,,,,,,,
ISic020655,,,,,,ceramic,,unverified,,,,,,,,,,,,,,,,,,,,,,,,,
ISic020656,,,,,,ceramic,,unverified,,,,,,,,,,,,,,,,,,,,,,,,,
ISic020657,,,,,,ceramic,,unverified,,,,,,,,,,,,,,,,,,,,,,,,,
ISic020658,,,,,,ceramic,,unverified,,,,,,,,,,,,,,,,,,,,,,,,,
ISic020659,,,,,,ceramic,,unverified,,,,,,,,,,,,,,,,,,,,,,,,,
ISic020660,,,,,,ceramic,,unverified,,,,,,,,,,,,,,,,,,,,,,,,,
ISic020661,,,,,,ceramic,,unverified,,,,,,,,,,,,,,,,,,,,,,,,,
ISic020662,,,,,,ceramic,,unverified,,,,,,,,,,,,,,,,,,,,,,,,,
ISic020663,,,,,,ceramic,,unverified,,,,,,,,,,,,,,,,,,,,,,,,,
ISic020664,,,,,,ceramic,,unverified,,,,,,,,,,,,,,,,,,,,,,,,,
ISic020665,,,,,,ceramic,,unverified,,,,,,,,,,,,,,,,,,,,,,,,,
ISic020666,,,,,,ceramic,,unverified,,,,,,,,,,,,,,,,,,,,,,,,,
ISic020667,,,,,,ceramic,,unverified,,,,,,,,,,,,,,,,,,,,,,,,,
ISic020668,,,,,,ceramic,,unverified,,,,,,,,,,,,,,,,,,,,,,,,,
ISic020669,,,,,,ceramic,,unverified,,,,,,,,,,,,,,,,,,,,,,,,,
ISic020670,,,,,,ceramic,,unverified,,,,,,,,,,,,,,,,,,,,,,,,,
ISic020671,,,,,,ceramic,,unverified,,,,,,,,,,,,,,,,,,,,,,,,,
ISic020672,,,,,,ceramic,,unverified,,,,,,,,,,,,,,,,,,,,,,,,,
ISic020673,,,,,,ceramic,,unverified,,,,,,,,,,,,,,,,,,,,,,,,,
ISic020674,,,,,,ceramic,,unverified,,,,,,,,,,,,,,,,,,,,,,,,,
ISic020675,,,,,,ceramic,,unverified,,,,,,,,,,,,,,,,,,,,,,,,,
ISic020676,,,,,,ceramic,,unverified,,,,,,,,,,,,,,,,,,,,,,,,,
ISic020677,,,,,,ceramic,,unverified,,,,,,,,,,,,,,,,,,,,,,,,,
ISic020678,,,,,,ceramic,,unverified,,,,,,,,,,,,,,,,,,,,,,,,,
ISic020679,,,,,,ceramic,,unverified,,,,,,,,,,,,,,,,,,,,,,,,,
ISic020680,,,,,,ceramic,,unverified,,,,,,,,,,,,,,,,,,,,,,,,,
ISic020681,,,,,,ceramic,,unverified,,,,,,,,,,,,,,,,,,,,,,,,,
ISic020682,,,,,,ceramic,,unverified,,,,,,,,,,,,,,,,,,,,,,,,,
ISic020683,,,,,,ceramic,,unverified,,,,,,,,,,,,,,,,,,,,,,,,,
ISic020684,,,,,,ceramic,,unverified,,,,,,,,,,,,,,,,,,,,,,,,,
ISic020685,,,,,,ceramic,,unverified,,,,,,,,,,,,,,,,,,,,,,,,,
ISic020686,,,,,,ceramic,,unverified,,,,,,,,,,,,,,,,,,,,,,,,,
ISic020687,,,,,,ceramic,,unverified,,,,,,,,,,,,,,,,,,,,,,,,,
ISic020688,,,,,,ceramic,,unverified,,,,,,,,,,,,,,,,,,,,,,,,,
ISic020689,,,,,,ceramic,,unverified,,,,,,,,,,,,,,,,,,,,,,,,,
ISic020690,,,,,,ceramic,,unverified,,,,,,,,,,,,,,,,,,,,,,,,,
ISic020691,,,,,,ceramic,,unverified,,,,,,,,,,,,,,,,,,,,,,,,,
ISic020692,,,,,,ceramic,,unverified,,,,,,,,,,,,,,,,,,,,,,,,,
ISic020693,,,,,,ceramic,,unverified,,,,,,,,,,,,,,,,,,,,,,,,,
ISic020694,,,,,,ceramic,,unverified,,,,,,,,,,,,,,,,,,,,,,,,,
ISic020695,,,,,,ceramic,,unverified,,,,,,,,,,,,,,,,,,,,,,,,,
ISic020696,,,,,,ceramic,,unverified,,,,,,,,,,,,,,,,,,,,,,,,,
ISic020697,,,,,,ceramic,,unverified,,,,,,,,,,,,,,,,,,,,,,,,,
ISic020698,,,,,,ceramic,,unverified,,,,,,,,,,,,,,,,,,,,,,,,,
ISic020699,,,,,,ceramic,,unverified,,,,,,,,,,,,,,,,,,,,,,,,,
ISic020700,,,,,,ceramic,,unverified,,,,,,,,,,,,,,,,,,,,,,,,,
ISic020701,,,,,,ceramic,,unverified,,,,,,,,,,,,,,,,,,,,,,,,,
ISic020702,,,,,,ceramic,,unverified,,,,,,,,,,,,,,,,,,,,,,,,,
ISic020703,,,,,,ceramic,,unverified,,,,,,,,,,,,,,,,,,,,,,,,,
ISic020704,,,,,,ceramic,,unverified,,,,,,,,,,,,,,,,,,,,,,,,,
ISic020705,,,,,,ceramic,,unverified,,,,,,,,,,,,,,,,,,,,,,,,,
ISic020706,,,,,,ceramic,,unverified,,,,,,,,,,,,,,,,,,,,,,,,,
ISic020707,,,,,,ceramic,,unverified,,,,,,,,,,,,,,,,,,,,,,,,,
ISic020708,,,,,,ceramic,,unverified,,,,,,,,,,,,,,,,,,,,,,,,,
ISic020709,,,,,,ceramic,,unverified,,,,,,,,,,,,,,,,,,,,,,,,,
ISic020710,,,,,,ceramic,,unverified,,,,,,,,,,,,,,,,,,,,,,,,,
ISic020711,,,,,,ceramic,,unverified,,,,,,,,,,,,,,,,,,,,,,,,,
ISic020712,,,,,,ceramic,,unverified,,,,,,,,,,,,,,,,,,,,,,,,,
ISic020713,,,,,,ceramic,,unverified,,,,,,,,,,,,,,,,,,,,,,,,,
ISic020714,,,,,,ceramic,,unverified,,,,,,,,,,,,,,,,,,,,,,,,,
ISic020715,,,,,,ceramic,,unverified,,,,,,,,,,,,,,,,,,,,,,,,,
ISic020716,,,,,,ceramic,,unverified,,,,,,,,,,,,,,,,,,,,,,,,,
ISic020717,,,,,,ceramic,,unverified,,,,,,,,,,,,,,,,,,,,,,,,,
ISic020718,,,,,,ceramic,,unverified,,,,,,,,,,,,,,,,,,,,,,,,,
ISic020719,,,,,,ceramic,,unverified,,,,,,,,,,,,,,,,,,,,,,,,,
ISic020720,,,,,,ceramic,,unverified,,,,,,,,,,,,,,,,,,,,,,,,,
ISic020721,,,,,,ceramic,,unverified,,,,,,,,,,,,,,,,,,,,,,,,,
ISic020722,,,,,,ceramic,,unverified,,,,,,,,,,,,,,,,,,,,,,,,,
ISic020723,,,,,,ceramic,,unverified,,,,,,,,,,,,,,,,,,,,,,,,,
ISic020724,,,,,,ceramic,,unverified,,,,,,,,,,,,,,,,,,,,,,,,,
ISic020725,,,,,,ceramic,,unverified,,,,,,,,,,,,,,,,,,,,,,,,,
ISic020726,,,,,,ceramic,,unverified,,,,,,,,,,,,,,,,,,,,,,,,,
ISic020727,,,,,,ceramic,,unverified,,,,,,,,,,,,,,,,,,,,,,,,,
ISic020728,,,,,,ceramic,,unverified,,,,,,,,,,,,,,,,,,,,,,,,,
ISic020729,,,,,,ceramic,,unverified,,,,,,,,,,,,,,,,,,,,,,,,,
ISic020730,,,,,,ceramic,,unverified,,,,,,,,,,,,,,,,,,,,,,,,,
ISic020731,,,,,,ceramic,,unverified,,,,,,,,,,,,,,,,,,,,,,,,,
ISic020732,,,,,,ceramic,,unverified,,,,,,,,,,,,,,,,,,,,,,,,,
ISic020733,,,,,,ceramic,,unverified,,,,,,,,,,,,,,,,,,,,,,,,,
ISic020734,,,,,,ceramic,,unverified,,,,,,,,,,,,,,,,,,,,,,,,,
ISic020735,,,,,,ceramic,,unverified,,,,,,,,,,,,,,,,,,,,,,,,,
ISic020736,,,,,,ceramic,,unverified,,,,,,,,,,,,,,,,,,,,,,,,,
ISic020737,,,,,,ceramic,,unverified,,,,,,,,,,,,,,,,,,,,,,,,,
ISic020738,,,,,,ceramic,,unverified,,,,,,,,,,,,,,,,,,,,,,,,,
ISic020739,,,,,,ceramic,,unverified,,,,,,,,,,,,,,,,,,,,,,,,,
ISic020740,,,,,,ceramic,,unverified,,,,,,,,,,,,,,,,,,,,,,,,,
ISic020741,,,,,,ceramic,,unverified,,,,,,,,,,,,,,,,,,,,,,,,,
ISic020742,,,,,,ceramic,,unverified,,,,,,,,,,,,,,,,,,,,,,,,,
ISic020743,,,,,,ceramic,,unverified,,,,,,,,,,,,,,,,,,,,,,,,,
ISic020744,,,,,,ceramic,,unverified,,,,,,,,,,,,,,,,,,,,,,,,,
ISic020745,,,,,,ceramic,,unverified,,,,,,,,,,,,,,,,,,,,,,,,,
ISic020746,,,,,,ceramic,,unverified,,,,,,,,,,,,,,,,,,,,,,,,,
ISic020747,,,,,,ceramic,,unverified,,,,,,,,,,,,,,,,,,,,,,,,,
ISic020748,,,,,,ceramic,,unverified,,,,,,,,,,,,,,,,,,,,,,,,,
ISic020749,,,,,,ceramic,,unverified,,,,,,,,,,,,,,,,,,,,,,,,,
ISic020750,,,,,,ceramic,,unverified,,,,,,,,,,,,,,,,,,,,,,,,,
ISic020751,,,,,,ceramic,,unverified,,,,,,,,,,,,,,,,,,,,,,,,,
ISic020752,,,,,,ceramic,,unverified,,,,,,,,,,,,,,,,,,,,,,,,,
ISic020753,,,,,,ceramic,,unverified,,,,,,,,,,,,,,,,,,,,,,,,,
ISic020754,,,,,,ceramic,,unverified,,,,,,,,,,,,,,,,,,,,,,,,,
ISic020755,,,,,,ceramic,,unverified,,,,,,,,,,,,,,,,,,,,,,,,,
ISic020756,,,,,,ceramic,,unverified,,,,,,,,,,,,,,,,,,,,,,,,,
ISic020757,,,,,,ceramic,,unverified,,,,,,,,,,,,,,,,,,,,,,,,,
ISic020758,,,,,,ceramic,,unverified,,,,,,,,,,,,,,,,,,,,,,,,,
ISic020759,,,,,,ceramic,,unverified,,,,,,,,,,,,,,,,,,,,,,,,,
ISic020760,,,,,,ceramic,,unverified,,,,,,,,,,,,,,,,,,,,,,,,,
ISic020761,,,,,,ceramic,,unverified,,,,,,,,,,,,,,,,,,,,,,,,,
ISic020762,,,,,,ceramic,,unverified,,,,,,,,,,,,,,,,,,,,,,,,,
ISic020763,,,,,,ceramic,,unverified,,,,,,,,,,,,,,,,,,,,,,,,,
ISic020764,,,,,,ceramic,,unverified,,,,,,,,,,,,,,,,,,,,,,,,,
ISic020765,,,,,,ceramic,,unverified,,,,,,,,,,,,,,,,,,,,,,,,,
ISic020766,,,,,,ceramic,,unverified,,,,,,,,,,,,,,,,,,,,,,,,,
ISic020767,,,,,,ceramic,,unverified,,,,,,,,,,,,,,,,,,,,,,,,,
ISic020768,,,,,,ceramic,,unverified,,,,,,,,,,,,,,,,,,,,,,,,,
ISic020770,,,,,,ceramic,,unverified,,,,,,,,,,,,,,,,,,,,,,,,,
ISic020771,,,,,,ceramic,,unverified,,,,,,,,,,,,,,,,,,,,,,,,,
ISic020772,,,,,,ceramic,,unverified,,,,,,,,,,,,,,,,,,,,,,,,,
ISic020773,,,,,,ceramic,,unverified,,,,,,,,,,,,,,,,,,,,,,,,,
ISic020774,,,,,,ceramic,,unverified,,,,,,,,,,,,,,,,,,,,,,,,,
ISic020775,,,,,,ceramic,,unverified,,,,,,,,,,,,,,,,,,,,,,,,,
ISic020776,,,,,,ceramic,,unverified,,,,,,,,,,,,,,,,,,,,,,,,,
ISic020777,,,,,,ceramic,,unverified,,,,,,,,,,,,,,,,,,,,,,,,,
ISic020778,,,,,,ceramic,,unverified,,,,,,,,,,,,,,,,,,,,,,,,,
ISic020779,,,,,,ceramic,,unverified,,,,,,,,,,,,,,,,,,,,,,,,,
ISic020780,,,,,,ceramic,,unverified,,,,,,,,,,,,,,,,,,,,,,,,,
ISic020781,,,,,,ceramic,,unverified,,,,,,,,,,,,,,,,,,,,,,,,,
ISic020782,,,,,,ceramic,,unverified,,,,,,,,,,,,,,,,,,,,,,,,,
ISic020783,,,,,,ceramic,,unverified,,,,,,,,,,,,,,,,,,,,,,,,,
ISic020784,,,,,,ceramic,,unverified,,,,,,,,,,,,,,,,,,,,,,,,,
ISic020785,,,,,,ceramic,,unverified,,,,,,,,,,,,,,,,,,,,,,,,,
ISic020786,,,,,,ceramic,,unverified,,,,,,,,,,,,,,,,,,,,,,,,,
ISic020787,,,,,,ceramic,,unverified,,,,,,,,,,,,,,,,,,,,,,,,,
ISic020788,,,,,,ceramic,,unverified,,,,,,,,,,,,,,,,,,,,,,,,,
ISic020789,,,,,,ceramic,,unverified,,,,,,,,,,,,,,,,,,,,,,,,,
ISic020790,,,,,,ceramic,,unverified,,,,,,,,,,,,,,,,,,,,,,,,,
ISic020791,,,,,,ceramic,,unverified,,,,,,,,,,,,,,,,,,,,,,,,,
ISic020792,,,,,,ceramic,,unverified,,,,,,,,,,,,,,,,,,,,,,,,,
ISic020793,,,,,,ceramic,,unverified,,,,,,,,,,,,,,,,,,,,,,,,,
ISic020794,,,,,,ceramic,,unverified,,,,,,,,,,,,,,,,,,,,,,,,,
ISic020795,,,,,,ceramic,,unverified,,,,,,,,,,,,,,,,,,,,,,,,,
ISic020796,,,,,,ceramic,,unverified,,,,,,,,,,,,,,,,,,,,,,,,,
ISic020797,,,,,,ceramic,,unverified,,,,,,,,,,,,,,,,,,,,,,,,,
ISic020798,,,,,,ceramic,,unverified,,,,,,,,,,,,,,,,,,,,,,,,,
ISic020799,,,,,,ceramic,,unverified,,,,,,,,,,,,,,,,,,,,,,,,,
ISic020800,,,,,,ceramic,,unverified,,,,,,,,,,,,,,,,,,,,,,,,,
ISic020801,,,,,,ceramic,,unverified,,,,,,,,,,,,,,,,,,,,,,,,,
ISic020802,,,,,,ceramic,,unverified,,,,,,,,,,,,,,,,,,,,,,,,,
ISic020803,,,,,,ceramic,,unverified,,,,,,,,,,,,,,,,,,,,,,,,,
ISic020804,,,,,,ceramic,,unverified,,,,,,,,,,,,,,,,,,,,,,,,,
ISic020805,,,,,,ceramic,,unverified,,,,,,,,,,,,,,,,,,,,,,,,,
ISic020806,,,,,,ceramic,,unverified,,,,,,,,,,,,,,,,,,,,,,,,,
ISic020807,,,,,,ceramic,,unverified,,,,,,,,,,,,,,,,,,,,,,,,,
ISic020808,,,,,,ceramic,,unverified,,,,,,,,,,,,,,,,,,,,,,,,,
ISic020809,,,,,,ceramic,,unverified,,,,,,,,,,,,,,,,,,,,,,,,,
ISic020810,,,,,,ceramic,,unverified,,,,,,,,,,,,,,,,,,,,,,,,,
ISic020811,,,,,,ceramic,,unverified,,,,,,,,,,,,,,,,,,,,,,,,,
ISic020812,,,,,,ceramic,,unverified,,,,,,,,,,,,,,,,,,,,,,,,,
ISic020813,,,,,,ceramic,,unverified,,,,,,,,,,,,,,,,,,,,,,,,,
ISic020814,,,,,,ceramic,,unverified,,,,,,,,,,,,,,,,,,,,,,,,,
ISic020815,,,,,,ceramic,,unverified,,,,,,,,,,,,,,,,,,,,,,,,,
ISic020816,,,,,,ceramic,,unverified,,,,,,,,,,,,,,,,,,,,,,,,,
ISic020817,,,,,,ceramic,,unverified,,,,,,,,,,,,,,,,,,,,,,,,,
ISic020818,,,,,,ceramic,,unverified,,,,,,,,,,,,,,,,,,,,,,,,,
ISic020819,,,,,,ceramic,,unverified,,,,,,,,,,,,,,,,,,,,,,,,,
ISic020820,,,,,,ceramic,,unverified,,,,,,,,,,,,,,,,,,,,,,,,,
ISic020821,,,,,,ceramic,,unverified,,,,,,,,,,,,,,,,,,,,,,,,,
ISic020822,,,,,,ceramic,,unverified,,,,,,,,,,,,,,,,,,,,,,,,,
ISic020823,,,,,,ceramic,,unverified,,,,,,,,,,,,,,,,,,,,,,,,,
ISic020824,,,,,,ceramic,,unverified,,,,,,,,,,,,,,,,,,,,,,,,,
ISic020825,,,,,,ceramic,,unverified,,,,,,,,,,,,,,,,,,,,,,,,,
ISic020826,,,,,,ceramic,,unverified,,,,,,,,,,,,,,,,,,,,,,,,,
ISic020827,,,,,,ceramic,,unverified,,,,,,,,,,,,,,,,,,,,,,,,,
ISic020828,,,,,,ceramic,,unverified,,,,,,,,,,,,,,,,,,,,,,,,,
ISic020829,,,,,,ceramic,,unverified,,,,,,,,,,,,,,,,,,,,,,,,,
ISic020830,,,,,,ceramic,,unverified,,,,,,,,,,,,,,,,,,,,,,,,,
ISic020831,,,,,,ceramic,,unverified,,,,,,,,,,,,,,,,,,,,,,,,,
ISic020832,,,,,,ceramic,,unverified,,,,,,,,,,,,,,,,,,,,,,,,,
ISic020833,,,,,,ceramic,,unverified,,,,,,,,,,,,,,,,,,,,,,,,,
ISic020834,,,,,,ceramic,,unverified,,,,,,,,,,,,,,,,,,,,,,,,,
ISic020835,,,,,,ceramic,,unverified,,,,,,,,,,,,,,,,,,,,,,,,,
ISic020836,,,,,,ceramic,,unverified,,,,,,,,,,,,,,,,,,,,,,,,,
ISic020837,,,,,,ceramic,,unverified,,,,,,,,,,,,,,,,,,,,,,,,,
ISic020838,,,,,,ceramic,,unverified,,,,,,,,,,,,,,,,,,,,,,,,,
ISic020839,,,,,,ceramic,,unverified,,,,,,,,,,,,,,,,,,,,,,,,,
ISic020840,,,,,,ceramic,,unverified,,,,,,,,,,,,,,,,,,,,,,,,,
ISic020841,,,,,,ceramic,,unverified,,,,,,,,,,,,,,,,,,,,,,,,,
ISic020842,,,,,,ceramic,,unverified,,,,,,,,,,,,,,,,,,,,,,,,,
ISic020843,,,,,,ceramic,,unverified,,,,,,,,,,,,,,,,,,,,,,,,,
ISic020844,,,,,,ceramic,,unverified,,,,,,,,,,,,,,,,,,,,,,,,,
ISic020845,,,,,,ceramic,,unverified,,,,,,,,,,,,,,,,,,,,,,,,,
ISic020846,,,,,,ceramic,,unverified,,,,,,,,,,,,,,,,,,,,,,,,,
ISic020847,,,,,,ceramic,,unverified,,,,,,,,,,,,,,,,,,,,,,,,,
ISic020848,,,,,,ceramic,,unverified,,,,,,,,,,,,,,,,,,,,,,,,,
ISic020849,,,,,,ceramic,,unverified,,,,,,,,,,,,,,,,,,,,,,,,,
ISic020850,,,,,,ceramic,,unverified,,,,,,,,,,,,,,,,,,,,,,,,,
ISic020851,,,,,,ceramic,,unverified,,,,,,,,,,,,,,,,,,,,,,,,,
ISic020852,,,,,,ceramic,,unverified,,,,,,,,,,,,,,,,,,,,,,,,,
ISic020853,,,,,,ceramic,,unverified,,,,,,,,,,,,,,,,,,,,,,,,,
ISic020854,,,,,,ceramic,,unverified,,,,,,,,,,,,,,,,,,,,,,,,,
ISic020855,,,,,,ceramic,,unverified,,,,,,,,,,,,,,,,,,,,,,,,,
ISic020856,,,,,,ceramic,,unverified,,,,,,,,,,,,,,,,,,,,,,,,,
ISic020857,,,,,,ceramic,,unverified,,,,,,,,,,,,,,,,,,,,,,,,,
ISic020859,,,,,,ceramic,,unverified,,,,,,,,,,,,,,,,,,,,,,,,,
ISic020860,,,,,,ceramic,,unverified,,,,,,,,,,,,,,,,,,,,,,,,,
ISic020861,,,,,,ceramic,,unverified,,,,,,,,,,,,,,,,,,,,,,,,,
ISic020862,,,,,,ceramic,,unverified,,,,,,,,,,,,,,,,,,,,,,,,,
ISic020863,,,,,,ceramic,,unverified,,,,,,,,,,,,,,,,,,,,,,,,,
ISic020864,,,,,,ceramic,,unverified,,,,,,,,,,,,,,,,,,,,,,,,,
ISic020865,,,,,,ceramic,,unverified,,,,,,,,,,,,,,,,,,,,,,,,,
ISic020866,,,,,,ceramic,,unverified,,,,,,,,,,,,,,,,,,,,,,,,,
ISic020867,,,,,,ceramic,,unverified,,,,,,,,,,,,,,,,,,,,,,,,,
ISic020868,,,,,,ceramic,,unverified,,,,,,,,,,,,,,,,,,,,,,,,,
ISic020869,,,,,,ceramic,,unverified,,,,,,,,,,,,,,,,,,,,,,,,,
ISic020870,,,,,,ceramic,,unverified,,,,,,,,,,,,,,,,,,,,,,,,,
ISic020871,,,,,,ceramic,,unverified,,,,,,,,,,,,,,,,,,,,,,,,,
ISic020872,,,,,,ceramic,,unverified,,,,,,,,,,,,,,,,,,,,,,,,,
ISic020873,,,,,,ceramic,,unverified,,,,,,,,,,,,,,,,,,,,,,,,,
ISic020874,,,,,,ceramic,,unverified,,,,,,,,,,,,,,,,,,,,,,,,,
ISic020877,,,,,,ceramic,,unverified,,,,,,,,,,,,,,,,,,,,,,,,,
ISic020878,,,,,,ceramic,,unverified,,,,,,,,,,,,,,,,,,,,,,,,,
ISic020879,,,,,,ceramic,,unverified,,,,,,,,,,,,,,,,,,,,,,,,,
ISic020880,,,,,,ceramic,,unverified,,,,,,,,,,,,,,,,,,,,,,,,,
ISic020881,,,,,,ceramic,,unverified,,,,,,,,,,,,,,,,,,,,,,,,,
ISic020882,,,,,,ceramic,,unverified,,,,,,,,,,,,,,,,,,,,,,,,,
ISic020883,,,,,,ceramic,,unverified,,,,,,,,,,,,,,,,,,,,,,,,,
ISic020884,,,,,,ceramic,,unverified,,,,,,,,,,,,,,,,,,,,,,,,,
ISic020885,,,,,,ceramic,,unverified,,,,,,,,,,,,,,,,,,,,,,,,,
ISic020886,,,,,,ceramic,,unverified,,,,,,,,,,,,,,,,,,,,,,,,,
ISic020887,,,,,,ceramic,,unverified,,,,,,,,,,,,,,,,,,,,,,,,,
ISic020888,,,,,,ceramic,,unverified,,,,,,,,,,,,,,,,,,,,,,,,,
ISic020889,,,,,,ceramic,,unverified,,,,,,,,,,,,,,,,,,,,,,,,,
ISic020890,,,,,,ceramic,,unverified,,,,,,,,,,,,,,,,,,,,,,,,,
ISic020891,,,,,,ceramic,,unverified,,,,,,,,,,,,,,,,,,,,,,,,,
ISic020892,,,,,,ceramic,,unverified,,,,,,,,,,,,,,,,,,,,,,,,,
ISic020893,,,,,,ceramic,,unverified,,,,,,,,,,,,,,,,,,,,,,,,,
ISic020894,,,,,,ceramic,,unverified,,,,,,,,,,,,,,,,,,,,,,,,,
ISic020895,,,,,,ceramic,,unverified,,,,,,,,,,,,,,,,,,,,,,,,,
ISic020896,,,,,,ceramic,,unverified,,,,,,,,,,,,,,,,,,,,,,,,,
ISic020897,,,,,,ceramic,,unverified,,,,,,,,,,,,,,,,,,,,,,,,,
ISic020898,,,,,,ceramic,,unverified,,,,,,,,,,,,,,,,,,,,,,,,,
ISic020899,,,,,,ceramic,,unverified,,,,,,,,,,,,,,,,,,,,,,,,,
ISic020900,,,,,,ceramic,,unverified,,,,,,,,,,,,,,,,,,,,,,,,,
ISic020901,,,,,,ceramic,,unverified,,,,,,,,,,,,,,,,,,,,,,,,,
ISic020902,,,,,,ceramic,,unverified,,,,,,,,,,,,,,,,,,,,,,,,,
ISic020903,,,,,,ceramic,,unverified,,,,,,,,,,,,,,,,,,,,,,,,,
ISic020904,,,,,,ceramic,,unverified,,,,,,,,,,,,,,,,,,,,,,,,,
ISic020905,,,,,,ceramic,,unverified,,,,,,,,,,,,,,,,,,,,,,,,,
ISic020906,,,,,,ceramic,,unverified,,,,,,,,,,,,,,,,,,,,,,,,,
ISic020907,,,,,,ceramic,,unverified,,,,,,,,,,,,,,,,,,,,,,,,,
ISic020908,,,,,,ceramic,,unverified,,,,,,,,,,,,,,,,,,,,,,,,,
ISic020909,,,,,,ceramic,,unverified,,,,,,,,,,,,,,,,,,,,,,,,,
ISic020910,,,,,,ceramic,,unverified,,,,,,,,,,,,,,,,,,,,,,,,,
ISic020911,,,,,,ceramic,,unverified,,,,,,,,,,,,,,,,,,,,,,,,,
ISic020912,,,,,,ceramic,,unverified,,,,,,,,,,,,,,,,,,,,,,,,,
ISic020913,,,,,,ceramic,,unverified,,,,,,,,,,,,,,,,,,,,,,,,,
ISic020914,,,,,,ceramic,,unverified,,,,,,,,,,,,,,,,,,,,,,,,,
ISic020915,,,,,,ceramic,,unverified,,,,,,,,,,,,,,,,,,,,,,,,,
ISic020916,,,,,,ceramic,,unverified,,,,,,,,,,,,,,,,,,,,,,,,,
ISic020917,,,,,,ceramic,,unverified,,,,,,,,,,,,,,,,,,,,,,,,,
ISic020918,,,,,,ceramic,,unverified,,,,,,,,,,,,,,,,,,,,,,,,,
ISic020919,,,,,,ceramic,,unverified,,,,,,,,,,,,,,,,,,,,,,,,,
ISic020920,,,,,,ceramic,,unverified,,,,,,,,,,,,,,,,,,,,,,,,,
ISic020921,,,,,,ceramic,,unverified,,,,,,,,,,,,,,,,,,,,,,,,,
ISic020930,,,,,,ceramic,,unverified,,,,,,,,,,,,,,,,,,,,,,,,,
ISic020932,,,,,,ceramic,,unverified,,,,,,,,,,,,,,,,,,,,,,,,,
ISic020933,,,,,,ceramic,,unverified,,,,,,,,,,,,,,,,,,,,,,,,,
ISic020934,,,,,,ceramic,,unverified,,,,,,,,,,,,,,,,,,,,,,,,,
ISic020935,,,,,,ceramic,,unverified,,,,,,,,,,,,,,,,,,,,,,,,,
ISic020936,,,,,,ceramic,,unverified,,,,,,,,,,,,,,,,,,,,,,,,,
ISic020942,,,,,,ceramic,,unverified,,,,,,,,,,,,,,,,,,,,,,,,,
ISic020945,,,,,,ceramic,,unverified,,,,,,,,,,,,,,,,,,,,,,,,,
ISic020946,,,,,,ceramic,,unverified,,,,,,,,,,,,,,,,,,,,,,,,,
ISic020947,,,,,,ceramic,,unverified,,,,,,,,,,,,,,,,,,,,,,,,,
ISic020948,,,,,,ceramic,,unverified,,,,,,,,,,,,,,,,,,,,,,,,,
ISic030001,,,,,,metal.lead,,unverified,,,,,,,,,,,,,,,,,,,,,,,,,
ISic030002,,,,,,metal.bronze,,unverified,,,,,,,,,,,,,,,,,,,,,,,,,
ISic030003,,,,,,metal.lead,,unverified,,,,,,,,,,,,,,,,,,,,,,,,,
ISic030004,,,,,,metal.lead,,unverified,,,,,,,,,,,,,,,,,,,,,,,,,
ISic030005,,,,,,metal.lead,,unverified,,,,,,,,,,,,,,,,,,,,,,,,,
ISic030006,,,,,,metal.lead,,unverified,,,,,,,,,,,,,,,,,,,,,,,,,
ISic030007,,,,,,metal.lead,,unverified,,,,,,,,,,,,,,,,,,,,,,,,,
ISic030008,,,,,,metal.lead,,unverified,,,,,,,,,,,,,,,,,,,,,,,,,
ISic030009,,,,,,metal.lead,,unverified,,,,,,,,,,,,,,,,,,,,,,,,,
ISic030010,,,,,,metal.lead,,unverified,,,,,,,,,,,,,,,,,,,,,,,,,
ISic030011,,,,,,metal.lead,,unverified,,,,,,,,,,,,,,,,,,,,,,,,,
ISic030012,,,,,,metal.lead,,unverified,,,,,,,,,,,,,,,,,,,,,,,,,
ISic030013,,,,,,metal.lead,,unverified,,,,,,,,,,,,,,,,,,,,,,,,,
ISic030014,,,,,,metal.lead,,unverified,,,,,,,,,,,,,,,,,,,,,,,,,
ISic030015,,,,,,metal.lead,,unverified,,,,,,,,,,,,,,,,,,,,,,,,,
ISic030016,,,,,,metal.lead,,unverified,,,,,,,,,,,,,,,,,,,,,,,,,
ISic030017,,,,,,metal.bronze,,unverified,,,,,,,,,,,,,,,,,,,,,,,,,
ISic030018,,,,,,metal.bronze,,unverified,,,,,,,,,,,,,,,,,,,,,,,,,
ISic030019,,,,,,metal.lead,,unverified,,,,,,,,,,,,,,,,,,,,,,,,,
ISic030020,,,,,,metal.lead,,unverified,,,,,,,,,,,,,,,,,,,,,,,,,
ISic030021,,,,,,metal.lead,,unverified,,,,,,,,,,,,,,,,,,,,,,,,,
ISic030022,,,,,,metal.lead,,unverified,,,,,,,,,,,,,,,,,,,,,,,,,
ISic030023,,,,,,metal.lead,,unverified,,,,,,,,,,,,,,,,,,,,,,,,,
ISic030024,,,,,,metal.lead,,unverified,,,,,,,,,,,,,,,,,,,,,,,,,
ISic030025,,,,,,metal.lead,,unverified,,,,,,,,,,,,,,,,,,,,,,,,,
ISic030026,,,,,,metal.lead,,unverified,,,,,,,,,,,,,,,,,,,,,,,,,
ISic030027,,,,,,metal.bronze,,unverified,,,,,,,,,,,,,,,,,,,,,,,,,
ISic030028,,,,,,metal.lead,,unverified,,,,,,,,,,,,,,,,,,,,,,,,,
ISic030029,,,,,,metal.lead,,unverified,,,,,,,,,,,,,,,,,,,,,,,,,
ISic030030,,,,,,metal.lead,,unverified,,,,,,,,,,,,,,,,,,,,,,,,,
ISic030031,,,,,,metal.lead,,unverified,,,,,,,,,,,,,,,,,,,,,,,,,
ISic030032,,,,,,metal.lead,,unverified,,,,,,,,,,,,,,,,,,,,,,,,,
ISic030033,,,,,,metal.lead,,unverified,,,,,,,,,,,,,,,,,,,,,,,,,
ISic030034,,,,,,metal.lead,,unverified,,,,,,,,,,,,,,,,,,,,,,,,,
ISic030035,,,,,,metal.lead,,unverified,,,,,,,,,,,,,,,,,,,,,,,,,
ISic030036,,,,,,metal.lead,,unverified,,,,,,,,,,,,,,,,,,,,,,,,,
ISic030037,,,,,,metal.lead,,unverified,,,,,,,,,,,,,,,,,,,,,,,,,
ISic030042,,,,,,metal.bronze,,unverified,,,,,,,,,,,,,,,,,,,,,,,,,
ISic030043,,,,,,metal.lead,,unverified,,,,,,,,,,,,,,,,,,,,,,,,,
ISic030046,,,,,,metal.lead,,unverified,,,,,,,,,,,,,,,,,,,,,,,,,
ISic030047,,,,,,metal.bronze,,unverified,,,,,,,,,,,,,,,,,,,,,,,,,
ISic030048,,,,,,metal.bronze,,unverified,,,,,,,,,,,,,,,,,,,,,,,,,
ISic030049,,,,,,metal.bronze,,unverified,,,,,,,,,,,,,,,,,,,,,,,,,
ISic030050,,,,,,metal.bronze,,unverified,,,,,,,,,,,,,,,,,,,,,,,,,
ISic030051,,,,,,metal.lead,,unverified,,,,,,,,,,,,,,,,,,,,,,,,,
ISic030052,,,,,,metal.lead,,unverified,,,,,,,,,,,,,,,,,,,,,,,,,
ISic030053,,,,,,metal.lead,,unverified,,,,,,,,,,,,,,,,,,,,,,,,,
ISic030054,,,,,,metal.lead,,unverified,,,,,,,,,,,,,,,,,,,,,,,,,
ISic030055,,,,,,metal.lead,,unverified,,,,,,,,,,,,,,,,,,,,,,,,,
ISic030056,,,,,,metal.lead,,unverified,,,,,,,,,,,,,,,,,,,,,,,,,
ISic030057,,,,,,metal.lead,,unverified,,,,,,,,,,,,,,,,,,,,,,,,,
ISic030058,,,,,,metal.lead,,unverified,,,,,,,,,,,,,,,,,,,,,,,,,
ISic030059,,,,,,metal.lead,,unverified,,,,,,,,,,,,,,,,,,,,,,,,,
ISic030060,,,,,,metal.lead,,unverified,,,,,,,,,,,,,,,,,,,,,,,,,
ISic030061,,,,,,metal.lead,,unverified,,,,,,,,,,,,,,,,,,,,,,,,,
ISic030062,,,,,,metal.lead,,unverified,,,,,,,,,,,,,,,,,,,,,,,,,
ISic030063,,,,,,metal.lead,,unverified,,,,,,,,,,,,,,,,,,,,,,,,,
ISic030064,,,,,,metal.lead,,unverified,,,,,,,,,,,,,,,,,,,,,,,,,
ISic030067,,,,,,metal.lead,,unverified,,,,,,,,,,,,,,,,,,,,,,,,,
ISic030068,,,,,,metal.lead,,unverified,,,,,,,,,,,,,,,,,,,,,,,,,
ISic030069,,,,,,metal.lead,,unverified,,,,,,,,,,,,,,,,,,,,,,,,,
ISic030070,,,,,,metal.lead,,unverified,,,,,,,,,,,,,,,,,,,,,,,,,
ISic030071,,,,,,metal.lead,,unverified,,,,,,,,,,,,,,,,,,,,,,,,,
ISic030072,,,,,,metal.lead,,unverified,,,,,,,,,,,,,,,,,,,,,,,,,
ISic030073,,,,,,metal.lead,,unverified,,,,,,,,,,,,,,,,,,,,,,,,,
ISic030074,,,,,,metal.lead,,unverified,,,,,,,,,,,,,,,,,,,,,,,,,
ISic030075,,,,,,metal.lead,,unverified,,,,,,,,,,,,,,,,,,,,,,,,,
ISic030076,,,,,,metal.lead,,unverified,,,,,,,,,,,,,,,,,,,,,,,,,
ISic030077,,,,,,metal.lead,,unverified,,,,,,,,,,,,,,,,,,,,,,,,,
ISic030078,,,,,,metal.lead,,unverified,,,,,,,,,,,,,,,,,,,,,,,,,
ISic030079,,,,,,metal.lead,,unverified,,,,,,,,,,,,,,,,,,,,,,,,,
ISic030080,,,,,,metal.lead,,unverified,,,,,,,,,,,,,,,,,,,,,,,,,
ISic030081,,,,,,metal.lead,,unverified,,,,,,,,,,,,,,,,,,,,,,,,,
ISic030082,,,,,,metal.lead,,unverified,,,,,,,,,,,,,,,,,,,,,,,,,
ISic030083,,,,,,metal.lead,,unverified,,,,,,,,,,,,,,,,,,,,,,,,,
ISic030084,,,,,,metal.lead,,unverified,,,,,,,,,,,,,,,,,,,,,,,,,
ISic030085,,,,,,metal.lead,,unverified,,,,,,,,,,,,,,,,,,,,,,,,,
ISic030086,,,,,,metal.lead,,unverified,,,,,,,,,,,,,,,,,,,,,,,,,
ISic030087,,,,,,metal.lead,,unverified,,,,,,,,,,,,,,,,,,,,,,,,,
ISic030088,,,,,,metal.lead,,unverified,,,,,,,,,,,,,,,,,,,,,,,,,
ISic030089,,,,,,metal.lead,,unverified,,,,,,,,,,,,,,,,,,,,,,,,,
ISic030090,,,,,,metal.lead,,unverified,,,,,,,,,,,,,,,,,,,,,,,,,
ISic030091,,,,,,metal.lead,,unverified,,,,,,,,,,,,,,,,,,,,,,,,,
ISic030092,,,,,,metal.lead,,unverified,,,,,,,,,,,,,,,,,,,,,,,,,
ISic030093,,,,,,metal.lead,,unverified,,,,,,,,,,,,,,,,,,,,,,,,,
ISic030094,,,,,,metal.lead,,unverified,,,,,,,,,,,,,,,,,,,,,,,,,
ISic030095,,,,,,metal.lead,,unverified,,,,,,,,,,,,,,,,,,,,,,,,,
ISic030096,,,,,,metal.lead,,unverified,,,,,,,,,,,,,,,,,,,,,,,,,
ISic030097,,,,,,metal.lead,,unverified,,,,,,,,,,,,,,,,,,,,,,,,,
ISic030098,,,,,,metal.lead,,unverified,,,,,,,,,,,,,,,,,,,,,,,,,
ISic030099,,,,,,metal.lead,,unverified,,,,,,,,,,,,,,,,,,,,,,,,,
ISic030100,,,,,,metal.lead,,unverified,,,,,,,,,,,,,,,,,,,,,,,,,
ISic030101,,,,,,metal.lead,,unverified,,,,,,,,,,,,,,,,,,,,,,,,,
ISic030102,,,,,,metal.lead,,unverified,,,,,,,,,,,,,,,,,,,,,,,,,
ISic030103,,,,,,metal.lead,,unverified,,,,,,,,,,,,,,,,,,,,,,,,,
ISic030104,,,,,,metal.lead,,unverified,,,,,,,,,,,,,,,,,,,,,,,,,
ISic030105,,,,,,metal.lead,,unverified,,,,,,,,,,,,,,,,,,,,,,,,,
ISic030106,,,,,,metal.lead,,unverified,,,,,,,,,,,,,,,,,,,,,,,,,
ISic030107,,,,,,metal.lead,,unverified,,,,,,,,,,,,,,,,,,,,,,,,,
ISic030108,,,,,,metal.lead,,unverified,,,,,,,,,,,,,,,,,,,,,,,,,
ISic030109,,,,,,metal.lead,,unverified,,,,,,,,,,,,,,,,,,,,,,,,,
ISic030110,,,,,,metal.lead,,unverified,,,,,,,,,,,,,,,,,,,,,,,,,
ISic030111,,,,,,metal.lead,,unverified,,,,,,,,,,,,,,,,,,,,,,,,,
ISic030113,,,,,,metal.bronze,,unverified,,,,,,,,,,,,,,,,,,,,,,,,,
ISic030114,,,,,,metal.bronze,,unverified,,,,,,,,,,,,,,,,,,,,,,,,,
ISic030115,,,,,,metal.bronze,,unverified,,,,,,,,,,,,,,,,,,,,,,,,,
ISic030116,,,,,,metal.bronze,,unverified,,,,,,,,,,,,,,,,,,,,,,,,,
ISic030117,,,,,,metal.bronze,,unverified,,,,,,,,,,,,,,,,,,,,,,,,,
ISic030118,,,,,,metal.bronze,,unverified,,,,,,,,,,,,,,,,,,,,,,,,,
ISic030119,,,,,,metal.bronze,,unverified,,,,,,,,,,,,,,,,,,,,,,,,,
ISic030120,,,,,,metal.bronze,,unverified,,,,,,,,,,,,,,,,,,,,,,,,,
ISic030121,,,,,,metal.bronze,,unverified,,,,,,,,,,,,,,,,,,,,,,,,,
ISic030122,,,,,,metal.lead,,unverified,,,,,,,,,,,,,,,,,,,,,,,,,
ISic030123,,,,,,metal.lead,,unverified,,,,,,,,,,,,,,,,,,,,,,,,,
ISic030124,,,,,,metal.lead,,unverified,,,,,,,,,,,,,,,,,,,,,,,,,
ISic030125,,,,,,metal.lead,,unverified,,,,,,,,,,,,,,,,,,,,,,,,,
ISic030126,,,,,,metal.lead,,unverified,,,,,,,,,,,,,,,,,,,,,,,,,
ISic030127,,,,,,metal.lead,,unverified,,,,,,,,,,,,,,,,,,,,,,,,,
ISic030128,,,,,,metal.lead,,unverified,,,,,,,,,,,,,,,,,,,,,,,,,
ISic030129,,,,,,metal.lead,,unverified,,,,,,,,,,,,,,,,,,,,,,,,,
ISic030130,,,,,,metal.lead,,unverified,,,,,,,,,,,,,,,,,,,,,,,,,
ISic030131,,,,,,metal.lead,,unverified,,,,,,,,,,,,,,,,,,,,,,,,,
ISic030132,,,,,,metal.lead,,unverified,,,,,,,,,,,,,,,,,,,,,,,,,
ISic030133,,,,,,metal.lead,,unverified,,,,,,,,,,,,,,,,,,,,,,,,,
ISic030134,,,,,,metal.lead,,unverified,,,,,,,,,,,,,,,,,,,,,,,,,
ISic030135,,,,,,metal.lead,,unverified,,,,,,,,,,,,,,,,,,,,,,,,,
ISic030136,,,,,,metal.lead,,unverified,,,,,,,,,,,,,,,,,,,,,,,,,
ISic030137,,,,,,metal.lead,,unverified,,,,,,,,,,,,,,,,,,,,,,,,,
ISic030138,,,,,,metal.lead,,unverified,,,,,,,,,,,,,,,,,,,,,,,,,
ISic030139,,,,,,metal.lead,,unverified,,,,,,,,,,,,,,,,,,,,,,,,,
ISic030140,,,,,,metal.lead,,unverified,,,,,,,,,,,,,,,,,,,,,,,,,
ISic030141,,,,,,metal.lead,,unverified,,,,,,,,,,,,,,,,,,,,,,,,,
ISic030142,,,,,,metal.lead,,unverified,,,,,,,,,,,,,,,,,,,,,,,,,
ISic030143,,,,,,metal.lead,,unverified,,,,,,,,,,,,,,,,,,,,,,,,,
ISic030144,,,,,,metal.lead,,unverified,,,,,,,,,,,,,,,,,,,,,,,,,
ISic030145,,,,,,metal.lead,,unverified,,,,,,,,,,,,,,,,,,,,,,,,,
ISic030146,,,,,,metal.lead,,unverified,,,,,,,,,,,,,,,,,,,,,,,,,
ISic030147,,,,,,metal.lead,,unverified,,,,,,,,,,,,,,,,,,,,,,,,,
ISic030148,,,,,,metal.lead,,unverified,,,,,,,,,,,,,,,,,,,,,,,,,
ISic030149,,,,,,metal.lead,,unverified,,,,,,,,,,,,,,,,,,,,,,,,,
ISic030150,,,,,,metal.lead,,unverified,,,,,,,,,,,,,,,,,,,,,,,,,
ISic030151,,,,,,metal.lead,,unverified,,,,,,,,,,,,,,,,,,,,,,,,,
ISic030152,,,,,,metal.lead,,unverified,,,,,,,,,,,,,,,,,,,,,,,,,
ISic030153,,,,,,metal.lead,,unverified,,,,,,,,,,,,,,,,,,,,,,,,,
ISic030154,,,,,,metal.lead,,unverified,,,,,,,,,,,,,,,,,,,,,,,,,
ISic030155,,,,,,metal.lead,,unverified,,,,,,,,,,,,,,,,,,,,,,,,,
ISic030156,,,,,,metal.lead,,unverified,,,,,,,,,,,,,,,,,,,,,,,,,
ISic030157,,,,,,metal.lead,,unverified,,,,,,,,,,,,,,,,,,,,,,,,,
ISic030158,,,,,,metal.lead,,unverified,,,,,,,,,,,,,,,,,,,,,,,,,
ISic030159,,,,,,metal.lead,,unverified,,,,,,,,,,,,,,,,,,,,,,,,,
ISic030160,,,,,,metal.lead,,unverified,,,,,,,,,,,,,,,,,,,,,,,,,
ISic030161,,,,,,metal.lead,,unverified,,,,,,,,,,,,,,,,,,,,,,,,,
ISic030162,,,,,,metal.lead,,unverified,,,,,,,,,,,,,,,,,,,,,,,,,
ISic030163,,,,,,metal.lead,,unverified,,,,,,,,,,,,,,,,,,,,,,,,,
ISic030164,,,,,,metal.lead,,unverified,,,,,,,,,,,,,,,,,,,,,,,,,
ISic030165,,,,,,metal.lead,,unverified,,,,,,,,,,,,,,,,,,,,,,,,,
ISic030166,,,,,,metal.lead,,unverified,,,,,,,,,,,,,,,,,,,,,,,,,
ISic030167,,,,,,metal.lead,,unverified,,,,,,,,,,,,,,,,,,,,,,,,,
ISic030168,,,,,,metal.lead,,unverified,,,,,,,,,,,,,,,,,,,,,,,,,
ISic030169,,,,,,metal.lead,,unverified,,,,,,,,,,,,,,,,,,,,,,,,,
ISic030170,,,,,,metal.lead,,unverified,,,,,,,,,,,,,,,,,,,,,,,,,
ISic030171,,,,,,metal.lead,,unverified,,,,,,,,,,,,,,,,,,,,,,,,,
ISic030172,,,,,,metal.lead,,unverified,,,,,,,,,,,,,,,,,,,,,,,,,
ISic030173,,,,,,metal.lead,,unverified,,,,,,,,,,,,,,,,,,,,,,,,,
ISic030174,,,,,,metal.lead,,unverified,,,,,,,,,,,,,,,,,,,,,,,,,
ISic030175,,,,,,metal.lead,,unverified,,,,,,,,,,,,,,,,,,,,,,,,,
ISic030176,,,,,,metal.lead,,unverified,,,,,,,,,,,,,,,,,,,,,,,,,
ISic030177,,,,,,metal.lead,,unverified,,,,,,,,,,,,,,,,,,,,,,,,,
ISic030178,,,,,,metal.lead,,unverified,,,,,,,,,,,,,,,,,,,,,,,,,
ISic030179,,,,,,metal.lead,,unverified,,,,,,,,,,,,,,,,,,,,,,,,,
ISic030180,,,,,,metal.lead,,unverified,,,,,,,,,,,,,,,,,,,,,,,,,
ISic030181,,,,,,metal.lead,,unverified,,,,,,,,,,,,,,,,,,,,,,,,,
ISic030182,,,,,,metal.lead,,unverified,,,,,,,,,,,,,,,,,,,,,,,,,
ISic030183,,,,,,metal.lead,,unverified,,,,,,,,,,,,,,,,,,,,,,,,,
ISic030184,,,,,,metal.lead,,unverified,,,,,,,,,,,,,,,,,,,,,,,,,
ISic030185,,,,,,metal.lead,,unverified,,,,,,,,,,,,,,,,,,,,,,,,,
ISic030186,,,,,,metal.lead,,unverified,,,,,,,,,,,,,,,,,,,,,,,,,
ISic030187,,,,,,metal.lead,,unverified,,,,,,,,,,,,,,,,,,,,,,,,,
ISic030188,,,,,,metal.lead,,unverified,,,,,,,,,,,,,,,,,,,,,,,,,
ISic030189,,,,,,metal.lead,,unverified,,,,,,,,,,,,,,,,,,,,,,,,,
ISic030190,,,,,,metal.lead,,unverified,,,,,,,,,,,,,,,,,,,,,,,,,
ISic030191,,,,,,metal.lead,,unverified,,,,,,,,,,,,,,,,,,,,,,,,,
ISic030192,,,,,,metal.lead,,unverified,,,,,,,,,,,,,,,,,,,,,,,,,
ISic030193,,,,,,metal.lead,,unverified,,,,,,,,,,,,,,,,,,,,,,,,,
ISic030194,,,,,,metal.lead,,unverified,,,,,,,,,,,,,,,,,,,,,,,,,
ISic030195,,,,,,metal.lead,,unverified,,,,,,,,,,,,,,,,,,,,,,,,,
ISic030196,,,,,,metal.lead,,unverified,,,,,,,,,,,,,,,,,,,,,,,,,
ISic030197,,,,,,metal.lead,,unverified,,,,,,,,,,,,,,,,,,,,,,,,,
ISic030198,,,,,,metal.lead,,unverified,,,,,,,,,,,,,,,,,,,,,,,,,
ISic030199,,,,,,metal.lead,,unverified,,,,,,,,,,,,,,,,,,,,,,,,,
ISic030200,,,,,,metal.lead,,unverified,,,,,,,,,,,,,,,,,,,,,,,,,
ISic030201,,,,,,metal.lead,,unverified,,,,,,,,,,,,,,,,,,,,,,,,,
ISic030202,,,,,,metal.lead,,unverified,,,,,,,,,,,,,,,,,,,,,,,,,
ISic030203,,,,,,metal.lead,,unverified,,,,,,,,,,,,,,,,,,,,,,,,,
ISic030204,,,,,,metal.lead,,unverified,,,,,,,,,,,,,,,,,,,,,,,,,
ISic030205,,,,,,metal.lead,,unverified,,,,,,,,,,,,,,,,,,,,,,,,,
ISic030206,,,,,,metal.lead,,unverified,,,,,,,,,,,,,,,,,,,,,,,,,
ISic030207,,,,,,metal.lead,,unverified,,,,,,,,,,,,,,,,,,,,,,,,,
ISic030208,,,,,,metal.lead,,unverified,,,,,,,,,,,,,,,,,,,,,,,,,
ISic030209,,,,,,metal.lead,,unverified,,,,,,,,,,,,,,,,,,,,,,,,,
ISic030210,,,,,,metal.lead,,unverified,,,,,,,,,,,,,,,,,,,,,,,,,
ISic030211,,,,,,metal.lead,,unverified,,,,,,,,,,,,,,,,,,,,,,,,,
ISic030212,,,,,,metal.lead,,unverified,,,,,,,,,,,,,,,,,,,,,,,,,
ISic030213,,,,,,metal.lead,,unverified,,,,,,,,,,,,,,,,,,,,,,,,,
ISic030214,,,,,,metal.lead,,unverified,,,,,,,,,,,,,,,,,,,,,,,,,
ISic030215,,,,,,metal.lead,,unverified,,,,,,,,,,,,,,,,,,,,,,,,,
ISic030216,,,,,,metal.lead,,unverified,,,,,,,,,,,,,,,,,,,,,,,,,
ISic030217,,,,,,metal.lead,,unverified,,,,,,,,,,,,,,,,,,,,,,,,,
ISic030218,,,,,,metal.lead,,unverified,,,,,,,,,,,,,,,,,,,,,,,,,
ISic030219,,,,,,metal.lead,,unverified,,,,,,,,,,,,,,,,,,,,,,,,,
ISic030220,,,,,,metal.lead,,unverified,,,,,,,,,,,,,,,,,,,,,,,,,
ISic030221,,,,,,metal.lead,,unverified,,,,,,,,,,,,,,,,,,,,,,,,,
ISic030222,,,,,,metal.lead,,unverified,,,,,,,,,,,,,,,,,,,,,,,,,
ISic030223,,,,,,metal.bronze,,unverified,,,,,,,,,,,,,,,,,,,,,,,,,
ISic030223,,,,,,metal.lead,,unverified,,,,,,,,,,,,,,,,,,,,,,,,,
ISic030224,,,,,,metal.lead,,unverified,,,,,,,,,,,,,,,,,,,,,,,,,
ISic030225,,,,,,metal.lead,,unverified,,,,,,,,,,,,,,,,,,,,,,,,,
ISic030226,,,,,,metal.lead,,unverified,,,,,,,,,,,,,,,,,,,,,,,,,
ISic030227,,,,,,metal.lead,,unverified,,,,,,,,,,,,,,,,,,,,,,,,,
ISic030228,,,,,,metal.lead,,unverified,,,,,,,,,,,,,,,,,,,,,,,,,
ISic030229,,,,,,metal.lead,,unverified,,,,,,,,,,,,,,,,,,,,,,,,,
ISic030230,,,,,,metal.lead,,unverified,,,,,,,,,,,,,,,,,,,,,,,,,
ISic030231,,,,,,metal.lead,,unverified,,,,,,,,,,,,,,,,,,,,,,,,,
ISic030232,,,,,,metal.lead,,unverified,,,,,,,,,,,,,,,,,,,,,,,,,
ISic030233,,,,,,metal.lead,,unverified,,,,,,,,,,,,,,,,,,,,,,,,,
ISic030234,,,,,,metal.lead,,unverified,,,,,,,,,,,,,,,,,,,,,,,,,
ISic030235,,,,,,metal.lead,,unverified,,,,,,,,,,,,,,,,,,,,,,,,,
ISic030236,,,,,,metal.lead,,unverified,,,,,,,,,,,,,,,,,,,,,,,,,
ISic030237,,,,,,metal.lead,,unverified,,,,,,,,,,,,,,,,,,,,,,,,,
ISic030238,,,,,,metal.lead,,unverified,,,,,,,,,,,,,,,,,,,,,,,,,
ISic030239,,,,,,metal.lead,,unverified,,,,,,,,,,,,,,,,,,,,,,,,,
ISic030240,,,,,,metal.lead,,unverified,,,,,,,,,,,,,,,,,,,,,,,,,
ISic030241,,,,,,metal.lead,,unverified,,,,,,,,,,,,,,,,,,,,,,,,,
ISic030242,,,,,,metal.lead,,unverified,,,,,,,,,,,,,,,,,,,,,,,,,
ISic030243,,,,,,metal.lead,,unverified,,,,,,,,,,,,,,,,,,,,,,,,,
ISic030244,,,,,,metal.lead,,unverified,,,,,,,,,,,,,,,,,,,,,,,,,
ISic030245,,,,,,metal.lead,,unverified,,,,,,,,,,,,,,,,,,,,,,,,,
ISic030246,,,,,,metal.lead,,unverified,,,,,,,,,,,,,,,,,,,,,,,,,
ISic030247,,,,,,metal.lead,,unverified,,,,,,,,,,,,,,,,,,,,,,,,,
ISic030248,,,,,,metal.lead,,unverified,,,,,,,,,,,,,,,,,,,,,,,,,
ISic030249,,,,,,metal.lead,,unverified,,,,,,,,,,,,,,,,,,,,,,,,,
ISic030250,,,,,,metal.lead,,unverified,,,,,,,,,,,,,,,,,,,,,,,,,
ISic030251,,,,,,metal.lead,,unverified,,,,,,,,,,,,,,,,,,,,,,,,,
ISic030252,,,,,,metal.lead,,unverified,,,,,,,,,,,,,,,,,,,,,,,,,
ISic030253,,,,,,metal.lead,,unverified,,,,,,,,,,,,,,,,,,,,,,,,,
ISic030254,,,,,,metal.lead,,unverified,,,,,,,,,,,,,,,,,,,,,,,,,
ISic030255,,,,,,metal.lead,,unverified,,,,,,,,,,,,,,,,,,,,,,,,,
ISic030256,,,,,,metal.lead,,unverified,,,,,,,,,,,,,,,,,,,,,,,,,
ISic030257,,,,,,metal.lead,,unverified,,,,,,,,,,,,,,,,,,,,,,,,,
ISic030258,,,,,,metal.lead,,unverified,,,,,,,,,,,,,,,,,,,,,,,,,
ISic030259,,,,,,metal.lead,,unverified,,,,,,,,,,,,,,,,,,,,,,,,,
ISic030260,,,,,,metal.lead,,unverified,,,,,,,,,,,,,,,,,,,,,,,,,
ISic030261,,,,,,metal.lead,,unverified,,,,,,,,,,,,,,,,,,,,,,,,,
ISic030262,,,,,,metal.lead,,unverified,,,,,,,,,,,,,,,,,,,,,,,,,
ISic030263,,,,,,metal.lead,,unverified,,,,,,,,,,,,,,,,,,,,,,,,,
ISic030264,,,,,,metal.lead,,unverified,,,,,,,,,,,,,,,,,,,,,,,,,
ISic030265,,,,,,metal.lead,,unverified,,,,,,,,,,,,,,,,,,,,,,,,,
ISic030266,,,,,,metal.lead,,unverified,,,,,,,,,,,,,,,,,,,,,,,,,
ISic030267,,,,,,metal.lead,,unverified,,,,,,,,,,,,,,,,,,,,,,,,,
ISic030268,,,,,,metal.lead,,unverified,,,,,,,,,,,,,,,,,,,,,,,,,
ISic030269,,,,,,metal.lead,,unverified,,,,,,,,,,,,,,,,,,,,,,,,,
ISic030270,,,,,,metal.lead,,unverified,,,,,,,,,,,,,,,,,,,,,,,,,
ISic030271,,,,,,metal.bronze,,unverified,,,,,,,,,,,,,,,,,,,,,,,,,
ISic030272,,,,,,metal.bronze,,unverified,,,,,,,,,,,,,,,,,,,,,,,,,
ISic030273,,,,,,metal.bronze,,unverified,,,,,,,,,,,,,,,,,,,,,,,,,
ISic030274,,,,,,metal.bronze,,unverified,,,,,,,,,,,,,,,,,,,,,,,,,
ISic030275,,,,,,metal.bronze,,unverified,,,,,,,,,,,,,,,,,,,,,,,,,
ISic030276,,,,,,metal.bronze,,unverified,,,,,,,,,,,,,,,,,,,,,,,,,
ISic030277,,,,,,metal.bronze,,unverified,,,,,,,,,,,,,,,,,,,,,,,,,
ISic030278,,,,,,metal.bronze,,unverified,,,,,,,,,,,,,,,,,,,,,,,,,
ISic030279,,,,,,metal.bronze,,unverified,,,,,,,,,,,,,,,,,,,,,,,,,
ISic030280,,,,,,metal.bronze,,unverified,,,,,,,,,,,,,,,,,,,,,,,,,
ISic030281,,,,,,metal.bronze,,unverified,,,,,,,,,,,,,,,,,,,,,,,,,
ISic030294,,,,,,metal.bronze,,unverified,,,,,,,,,,,,,,,,,,,,,,,,,
ISic030295,,,,,,metal.bronze,,unverified,,,,,,,,,,,,,,,,,,,,,,,,,
ISic030296,,,,,,metal.bronze,,unverified,,,,,,,,,,,,,,,,,,,,,,,,,
ISic030297,,,,,,metal.bronze,,unverified,,,,,,,,,,,,,,,,,,,,,,,,,
ISic030298,,,,,,metal.bronze,,unverified,,,,,,,,,,,,,,,,,,,,,,,,,
ISic030299,,,,,,metal.bronze,,unverified,,,,,,,,,,,,,,,,,,,,,,,,,
ISic030300,,,,,,metal.bronze,,unverified,,,,,,,,,,,,,,,,,,,,,,,,,
ISic030301,,,,,,metal.bronze,,unverified,,,,,,,,,,,,,,,,,,,,,,,,,
ISic030303,,,,,,metal.lead,,unverified,,,,,,,,,,,,,,,,,,,,,,,,,
ISic030304,,,,,,metal.lead,,unverified,,,,,,,,,,,,,,,,,,,,,,,,,
ISic030305,,,,,,metal.lead,,unverified,,,,,,,,,,,,,,,,,,,,,,,,,
ISic030306,,,,,,metal.lead,,unverified,,,,,,,,,,,,,,,,,,,,,,,,,
ISic030307,,,,,,metal.lead,,unverified,,,,,,,,,,,,,,,,,,,,,,,,,
ISic030308,,,,,,metal.lead,,unverified,,,,,,,,,,,,,,,,,,,,,,,,,
ISic030309,,,,,,metal.lead,,unverified,,,,,,,,,,,,,,,,,,,,,,,,,
ISic030310,,,,,,metal.lead,,unverified,,,,,,,,,,,,,,,,,,,,,,,,,
ISic030311,,,,,,metal.lead,,unverified,,,,,,,,,,,,,,,,,,,,,,,,,
ISic030312,,,,,,metal.lead,,unverified,,,,,,,,,,,,,,,,,,,,,,,,,
ISic030313,,,,,,metal.lead,,unverified,,,,,,,,,,,,,,,,,,,,,,,,,
ISic030314,,,,,,metal.lead,,unverified,,,,,,,,,,,,,,,,,,,,,,,,,
ISic030315,,,,,,metal.lead,,unverified,,,,,,,,,,,,,,,,,,,,,,,,,
ISic030317,,,,,,metal.lead,,unverified,,,,,,,,,,,,,,,,,,,,,,,,,
ISic030319,,,,,,metal.bronze,,unverified,,,,,,,,,,,,,,,,,,,,,,,,,
ISic030330,,,,,,metal.lead,,unverified,,,,,,,,,,,,,,,,,,,,,,,,,
ISic030331,,,,,,metal.bronze,,unverified,,,,,,,,,,,,,,,,,,,,,,,,,
ISic030332,,,,,,metal.lead,,unverified,,,,,,,,,,,,,,,,,,,,,,,,,
ISic031001,,,,,,metal.lead,,unverified,,,,,,,,,,,,,,,,,,,,,,,,,